Date_Read,Tank,Sample_Location,Dilution_X,R2A_Media,Half_Plate_Count_TSA_W_SB,Full_Plate,Comments,Hours,Count_X_Dil,Sample_Size,Total_CFU,Assumed_Sys_Health,Comments,Bactiquant_Value,
2017-03-01,E1,,10,,2,4,swab,20,40,.1 ml, 400 ,,,,
2017-03-01,E2,,10,,7,14,swab,20,140,.1 ml," 1,400 ",,,,
2017-03-01,E3,,10,,2,4,swab,20,40,.1 ml, 400 ,,,,
2017-03-01,E4,,10,,5,10,swab,20,100,.1 ml," 1,000 ",,,,
2017-03-01,F1,,10,,23,46,swab,20,460,.1 ml," 4,600 ",,,,
2017-03-01,F2,,10,,5,10,swab,20,100,.1 ml," 1,000 ",,,,
2017-03-01,F3,,10,,67,134,swab,20,1340,.1 ml," 13,400 ",,,,
2017-03-01,F4,,10,,14,28,swab,20,280,.1 ml," 2,800 ",,,,
2017-03-02,B1,,10,,26,52,swab,20,520,.1 ml," 5,200 ",,,,
2017-03-02,B2,,10,,10,20,swab,20,200,.1 ml," 2,000 ",,,,
2017-03-02,B4,,10,,20,40,swab,20,400,.1 ml," 4,000 ",,,,
2017-03-02,B5,,10,,13,26,swab,20,260,.1 ml," 2,600 ",,,,
2017-03-02,B6,,10,,7,14,swab,20,140,.1 ml," 1,400 ",,,,
2017-03-02,B7,,10,,21,42,swab,20,420,.1 ml," 4,200 ",,,,
2017-03-16,B Bio,,10,688,,1552,spreader method,20,15520,.1 ml," 155,200 ",,,,
2017-03-16,B pH port,,10,496,,928,spreader method,20,9280,.1 ml," 92,800 ",,,,
2017-03-16,B3,,10,397,,2280,spreader method,20,22800,.1 ml," 228,000 ",,,,
2017-03-16,B5,,10,504,,2704,spreader method,20,27040,.1 ml," 270,400 ",,,,
2017-03-21,B Bio,,10,,,308,spreader method,20,3080,.1 ml," 30,800 ",,,,
2017-03-21,B pH port,,10,,,59,spreader method,20,590,.1 ml," 5,900 ",,,,
2017-03-21,B3,,10,,,28,spreader method,20,280,.1 ml," 2,800 ",,,,
2017-03-21,B5,,10,,,158,spreader method,20,1580,.1 ml," 15,800 ",,,,
2017-03-21,F1 tank in,,10,,,272,,20,2720,.1 ml," 27,200 ",,,,
2017-03-21,F1 tank out,,10,,,288,56,20,2880,.1 ml," 28,800 ",,,,
2017-03-29,A High,,10,,,97,spreader method,20,970,.1 ml," 9,700 ",1,found door to incubator opened time undetermined,,
2017-03-29,A Low,,10,,,3,spreader method,20,30,.1 ml, 300 ,1,found door to incubator opened time undetermined,,
2017-03-29,A Tank 6,,10,,,9,spreader method,20,90,.1 ml, 900 ,1,found door to incubator opened time undetermined,,
2017-03-29,B High,,10,,,338,spreader method,20,3380,.1 ml," 33,800 ",3,found door to incubator opened time undetermined,,
2017-03-29,B Low,,10,,,223,spreader method,20,2230,.1 ml," 22,300 ",3,found door to incubator opened time undetermined,,
2017-03-29,B Tank 5,,10,,,664,spreader method,20,6640,.1 ml," 66,400 ",3,found door to incubator opened time undetermined,,
2017-03-29,C High,,10,,,148,spreader method,20,1480,.1 ml," 14,800 ",1,found door to incubator opened time undetermined,,
2017-03-29,C Low,,10,,,42,spreader method,20,420,.1 ml," 4,200 ",1,found door to incubator opened time undetermined,,
2017-03-29,C Tank 1,,10,,,70,spreader method,20,700,.1 ml," 7,000 ",1,found door to incubator opened time undetermined,,
2017-03-29,D High,,10,,,268,spreader method,20,2680,.1 ml," 26,800 ",1,found door to incubator opened time undetermined,,
2017-03-29,D Low,,10,,,124,spreader method,20,1240,.1 ml," 12,400 ",1,found door to incubator opened time undetermined,,
2017-03-29,D Tank 3,,10,,,1792,spreader method,20,17920,.1 ml," 179,200 ",1,found door to incubator opened time undetermined,,
2017-03-29,E High,,10,,,512,spreader method,20,5120,.1 ml," 51,200 ",2,found door to incubator opened time undetermined,,
2017-03-29,E Low,,10,,,96,spreader method,20,960,.1 ml," 9,600 ",2,found door to incubator opened time undetermined,,
2017-03-29,E Tank 3,,10,,,278,spreader method,20,2780,.1 ml," 27,800 ",2,found door to incubator opened time undetermined,,
2017-03-29,F High,,10,,,1328,spreader method,20,13280,.1 ml," 132,800 ",2,found door to incubator opened time undetermined,,
2017-03-29,F Low,,10,,,992,spreader method,20,9920,.1 ml," 99,200 ",2,found door to incubator opened time undetermined,,
2017-03-29,F Tank 2,,10,,,400,spreader method,20,4000,.1 ml," 40,000 ",2,found door to incubator opened time undetermined,,
2017-03-29,P1 High,,10,,,632,spreader method,20,6320,.1 ml," 63,200 ",2,found door to incubator opened time undetermined,,
2017-03-29,P1 Low,,10,,,418,spreader method,20,4180,.1 ml," 41,800 ",2,found door to incubator opened time undetermined,,
2017-03-29,P1 Tank ,,10,,,312,spreader method,20,3120,.1 ml," 31,200 ",2,found door to incubator opened time undetermined,,
2017-03-29,P2 High,,10,,,896,spreader method,20,8960,.1 ml," 89,600 ",2,found door to incubator opened time undetermined,,
2017-03-29,P2 Low,,10,,,368,spreader method,20,3680,.1 ml," 36,800 ",2,found door to incubator opened time undetermined,,
2017-03-29,P2 Tank ,,10,,,696,spreader method,20,6960,.1 ml," 69,600 ",2,found door to incubator opened time undetermined,,
2017-03-29,P6 High,,10,,,216,spreader method,20,2160,.1 ml," 21,600 ",2,found door to incubator opened time undetermined,,
2017-03-29,P6 Low,,10,,,336,spreader method,20,3360,.1 ml," 33,600 ",2,found door to incubator opened time undetermined,,
2017-03-29,P6 Tank ,,10,,,416,spreader method,20,4160,.1 ml," 41,600 ",2,found door to incubator opened time undetermined,,
2017-03-29,P7 Tank ,,10,,,66,spreader method,20,660,.1 ml," 6,600 ",1,found door to incubator opened time undetermined,,
2017-04-05,A Bio,,10,,,100,spreader method,,1000,,10000,1,found door to incubator opened time undetermined,,
2017-04-05,A High,,10,,,172,spreader method,,1720,,17200,1,found door to incubator opened time undetermined,,
2017-04-05,A Low,,10,,,52,spreader method,,520,,5200,1,found door to incubator opened time undetermined,,
2017-04-05,A Pre UV,,10,,,164,spreader method,,1640,,16400,1,found door to incubator opened time undetermined,-1,
2017-04-05,A Tank 6,,10,,,88,spreader method,,880,,8800,1,found door to incubator opened time undetermined,,
2017-04-05,A Tank inlet,,10,,,2,spreader method,,20,,200,1,found door to incubator opened time undetermined,,
2017-04-05,B Bio,,10,,,136,spreader method,,1360,,13600,2,found door to incubator opened time undetermined,,
2017-04-05,B High,,10,,,108,spreader method,,1080,,10800,2,found door to incubator opened time undetermined,,
2017-04-05,B Low,,10,,,24,spreader method,,240,,2400,2,found door to incubator opened time undetermined,,
2017-04-05,B sump post drum,,10,,,212,spreader method,,2120,,21200,2,found door to incubator opened time undetermined,,
2017-04-05,B Tank 1,,10,,,208,spreader method,,2080,,20800,2,found door to incubator opened time undetermined,,
2017-04-05,C Bio,,10,,,624,spreader method,,6240,,62400,1,found door to incubator opened time undetermined,,
2017-04-05,C High,,10,,,124,spreader method,,1240,,12400,1,found door to incubator opened time undetermined,,
2017-04-05,C Low,,10,,,62,spreader method,,620,,6200,1,found door to incubator opened time undetermined,,
2017-04-05,C Sump post drum,,10,,,368,spreader method,,3680,,36800,1,found door to incubator opened time undetermined,,
2017-04-05,C Tank 2,,10,,,184,spreader method,,1840,,18400,1,found door to incubator opened time undetermined,,
2017-04-05,D High,,10,,,592,spreader method,,5920,,59200,2,found door to incubator opened time undetermined,,
2017-04-05,D Low,,10,,,128,spreader method,,1280,,12800,2,found door to incubator opened time undetermined,,
2017-04-05,D sump post drum,,10,,,344,spreader method,,3440,,34400,2,found door to incubator opened time undetermined,,
2017-04-05,D Tank 3,,10,,,4822,spreader method,,48220,,482200,2,found door to incubator opened time undetermined,,
2017-04-05,D top of Bio,,10,,,208,spreader method,,2080,,20800,2,found door to incubator opened time undetermined,,
2017-04-05,E BioNorth,,10,,,672,spreader method,,6720,,67200,3,found door to incubator opened time undetermined,,
2017-04-05,E BioSouth,,10,,,48,spreader method,,480,,4800,3,found door to incubator opened time undetermined,,
2017-04-05,E High,,10,,,240,spreader method,,2400,,24000,3,found door to incubator opened time undetermined,,
2017-04-05,E Low,,10,,,136,spreader method,,1360,,13600,3,found door to incubator opened time undetermined,,
2017-04-05,E return to tanks,,10,,,132,spreader method,,1320,,13200,3,found door to incubator opened time undetermined,,
2017-04-05,E sump post drum,,10,,,408,spreader method,,4080,,40800,3,found door to incubator opened time undetermined,,
2017-04-05,E Tank 3,,10,,,744,spreader method,,7440,,74400,3,found door to incubator opened time undetermined,,
2017-04-05,F BioNorth,,10,,,3744,spreader method,,37440,,374400,3,found door to incubator opened time undetermined,,
2017-04-05,F BioSouth,,10,,,2112,spreader method,,21120,,211200,3,found door to incubator opened time undetermined,,
2017-04-05,F High,,10,,,5504,spreader method,,55040,,550400,3,found door to incubator opened time undetermined,,
2017-04-05,F Low,,10,,,2144,spreader method,,21440,,214400,3,found door to incubator opened time undetermined,,
2017-04-05,F return to tanks,,10,,,2528,spreader method,,25280,,252800,3,found door to incubator opened time undetermined,,
2017-04-05,F Sump post Drum,,10,,,1696,spreader method,,16960,,169600,3,found door to incubator opened time undetermined,,
2017-04-05,F Tank 2,,10,,,2976,spreader method,,29760,,297600,3,found door to incubator opened time undetermined,,
2017-04-05,Gooseneck tank,,10,,,858,spreader method,,8580,,85800,1,found door to incubator opened time undetermined,,
2017-04-05,P1 High,,10,,,3938,spreader method,,39380,,393800,2,found door to incubator opened time undetermined,,
2017-04-05,P1 Low,,10,,,3104,spreader method,,31040,,310400,2,found door to incubator opened time undetermined,,
2017-04-05,P1 Tank ,,10,,,7008,spreader method,,70080,,700800,2,found door to incubator opened time undetermined,,
2017-04-05,P2 High,,10,,,168,spreader method,,1680,,16800,1,found door to incubator opened time undetermined,,
2017-04-05,P2 Low,,10,,,36,spreader method,,360,,3600,1,found door to incubator opened time undetermined,,
2017-04-05,P2 Tank ,,10,,,124,spreader method,,1240,,12400,1,found door to incubator opened time undetermined,,
2017-04-05,P5.5 Town Sump,,10,,,312,spreader method,,3120,,31200,1,found door to incubator opened time undetermined,,
2017-04-05,P5.5 Well Sump,,10,,,296,spreader method,,2960,,29600,,found door to incubator opened time undetermined,,
2017-04-05,P6 High,,10,,,584,spreader method,,5840,,58400,2,,,
2017-04-05,P6 Low,,10,,,256,spreader method,,2560,,25600,2,,,
2017-04-05,P6 Tank ,,10,,,208,spreader method,,2080,,20800,2,found door to incubator opened time undetermined,,
2017-04-05,P7 High,,10,,,40,spreader method,,400,,4000,1,found door to incubator opened time undetermined,,
2017-04-05,P7 Low,,10,,,64,spreader method,,640,,6400,1,found door to incubator opened time undetermined,,
2017-04-05,P7 Tank ,,10,,,48,spreader method,,480,,4800,1,found door to incubator opened time undetermined,,
2017-04-05,well 2,,1,,,2,spreader method,,2,,20,,found door to incubator opened time undetermined,,
2017-04-05,well 3,,1,,,48,spreader method,,48,,480,,found door to incubator opened time undetermined,,
2017-04-06,E BioNorth,,10,,,304,spreader method,,3040,,30400,,,,
2017-04-06,E BioSouth,,10,,,64,spreader method,,640,,6400,,,,
2017-04-12,A High,,10,,,200,,,2000,,20000,,,,
2017-04-12,A Low,,10,,,3,,,30,,300,,,,
2017-04-12,A Tank 6,,10,,,108,,,1080,,10800,,,,
2017-04-12,B High,,10,,,128,,,1280,,12800,,,,
2017-04-12,B Low,,10,,,0,,,0,,0,,,,
2017-04-12,B Tank 6,,10,,,98,,,980,,9800,,,,
2017-04-12,C High,,10,,,138,,,1380,,13800,,,,
2017-04-12,C Low,,10,,,128,,,1280,,12800,,,,
2017-04-12,C Tank 1,,10,,,168,,,1680,,16800,,No floc no zone,,
2017-04-12,D High,,10,,,560,,,5600,,56000,,,,
2017-04-12,D Low,,10,,,420,,,4200,,42000,,,,
2017-04-12,D Tank 3,,10,,,848,,,8480,,84800,,,,
2017-04-12,E BioNorth,,10,,,296,,,2960,,29600,,,,
2017-04-12,E BioSouth,,10,,,68,,,680,,6800,,,,
2017-04-12,E High,,10,,,136,,,1360,,13600,,,,
2017-04-12,E Low,,10,,,92,,,920,,9200,,,,
2017-04-12,E Tank 3,,10,,,112,,,1120,,11200,,,,
2017-04-12,F High,,10,,,1264,,,12640,,126400,,,,
2017-04-12,F Low,,10,,,1104,,,11040,,110400,,1/3 of last week still high,,
2017-04-12,F Tank 2,,10,,,1296,,,12960,,129600,,,,
2017-04-12,P1 BiooverfLow/top,,10,,,36,,,360,,3600,,,,
2017-04-12,P1 High,,10,,,64,,,640,,6400,,,,
2017-04-12,P1 Low,,10,,,68,,,680,,6800,,way down from last week,,
2017-04-12,P1 Sump post drum,,10,,,68,,,680,,6800,,,,
2017-04-12,P1 Tank ,,10,,,92,,,920,,9200,,,,
2017-04-12,P2 BiooverfLow/top,,10,,,148,,,1480,,14800,,,,
2017-04-12,P2 High,,10,,,48,,,480,,4800,,,,
2017-04-12,P2 Low,,10,,,72,,,720,,7200,,,,
2017-04-12,P2 Sump post drum,,10,,,132,,,1320,,13200,,,,
2017-04-12,P2 Tank ,,10,,,72,,,720,,7200,,,,
2017-04-12,P5.5 Town Sump,,10,,,1250,,,12500,,125000,,,,
2017-04-12,P5.5 Well Sump,,10,,,1520,,,15200,,152000,,bacteria increase,,
2017-04-12,P6 BiooverfLow/top,,10,,,40,,,400,,4000,,,,
2017-04-12,P6 High,,10,,,168,,,1680,,16800,,,,
2017-04-12,P6 Low,,10,,,128,,,1280,,12800,,,,
2017-04-12,P6 Sump post drum,,10,,,168,,,1680,,16800,,,,
2017-04-12,P6 Tank ,,10,,,32,,,320,,3200,,,,
2017-04-12,P7 BiooverfLow/top,,10,,,1156,,,11560,,115600,,,,
2017-04-12,P7 High,,10,,,424,,,4240,,42400,,getting high,,
2017-04-12,P7 Low,,10,,,820,,,8200,,82000,,bacteria increase,,
2017-04-12,P7 Sump post drum,,10,,,1312,,,13120,,131200,,no reduction ,,
2017-04-12,P7 Tank ,,10,,,976,,,9760,,97600,,water quality detiriorated?,,
2017-04-12,,,,,,,,,0,,0,,water quality detiriorated?,,
2017-04-19,A High,,10,,,336,,,3360,,33600,,,,
2017-04-19,A Low,,10,,,3,,,30,,300,,,,
2017-04-19,A Tank 1,,10,,,48,,,480,,4800,,,,
2017-04-19,B High,,10,,,3392,,,33920,,339200,,"system empty of fish, and sterilized recently",,
2017-04-19,B Low,,10,,,2432,,,24320,,243200,,,,
2017-04-19,B Tank 1,,10,,,1152,,,11520,,115200,,,,
2017-04-19,C High,,10,,,1008,,,10080,,100800,,,,
2017-04-19,C Low,,10,,,768,,,7680,,76800,,,,
2017-04-19,C Tank 1,,10,,,1280,,,12800,,128000,,,,
2017-04-19,D High,,10,,,208,,,2080,,20800,,,,
2017-04-19,D Low,,10,,,52,,,520,,5200,,,,
2017-04-19,D Tank 3,,10,,,208,,,2080,,20800,,,,
2017-04-19,E High,,10,,,192,,,1920,,19200,,,,
2017-04-19,E Low,,10,,,72,,,720,,7200,,,,
2017-04-19,E Tank 2,,10,,,124,,,1240,,12400,,,,
2017-04-19,F High,,10,,,2016,,,20160,,201600,,,,
2017-04-19,F Low,,10,,,1998,,,19980,,199800,,,,
2017-04-19,F Tank 2,,10,,,1520,,,15200,,152000,,,,
2017-04-19,Gooseneck tank,,10,,,1008,,,10080,,100800,,,,
2017-04-19,P1 High,,10,,,88,,,880,,8800,,,,
2017-04-19,P1 Low,,10,,,78,,,780,,7800,,,,
2017-04-19,P1 Tank ,,10,,,100,,,1000,,10000,,,,
2017-04-19,P2 High,,10,,,380,,,3800,,38000,,,,
2017-04-19,P2 Low,,10,,,164,,,1640,,16400,,,,
2017-04-19,P2 Tank ,,10,,,228,,,2280,,22800,,,,
2017-04-19,P5.5 Town Sump,,10,,,272,,,2720,,27200,,,,
2017-04-19,P5.5 Well Sump,,10,,,548,,,5480,,54800,,,,
2017-04-19,P6 High,,10,,,88,,,880,,8800,,,,
2017-04-19,P6 Low,,10,,,164,,,1640,,16400,,,,
2017-04-19,P6 Tank ,,10,,,164,,,1640,,16400,,,,
2017-04-19,P7 High,,10,,,592,,,5920,,59200,,,,
2017-04-19,P7 Low,,10,,,528,,,5280,,52800,,,,
2017-04-19,P7 Tank ,,10,,,784,,,7840,,78400,,,,
2017-04-19,River Discharge,,10,,,3088,,,30880,,308800,,,,
2017-04-26,A High,,10,,,132,,,1320,,13200,,,,
2017-04-26,A Low,,10,,,1,,,10,,100,,,,
2017-04-26,A Tank 1,,10,,,0,,,0,,0,,,,
2017-04-26,B Bio,,10,,,536,,,5360,,53600,,,,
2017-04-26,B High,,10,,,592,,,5920,,59200,,,,
2017-04-26,B Low,,10,,,552,,,5520,,55200,,,,
2017-04-26,B Tank 5,,10,,,590,,,5900,,59000,,,,
2017-04-26,C Bio,,10,,,328,,,3280,,32800,,,,
2017-04-26,C High,,10,,,480,,,4800,,48000,,,,
2017-04-26,C Low,,10,,,458,,,4580,,45800,,,,
2017-04-26,C Tank 2,,10,,,504,,,5040,,50400,,,,
2017-04-26,D High,,10,,,536,,,5360,,53600,,,,
2017-04-26,D Low,,10,,,40,,,400,,4000,,,,
2017-04-26,D Tank 2,,10,,,32,,,320,,3200,,,,
2017-04-26,D top of Bio,,10,,,28,,,280,,2800,,,,
2017-04-26,E BioNorth,,10,,,296,,,2960,,29600,,,,
2017-04-26,E BioSouth,,10,,,198,,,1980,,19800,,,,
2017-04-26,E High,,10,,,304,,,3040,,30400,,,,
2017-04-26,E Low,,10,,,128,,,1280,,12800,,,,
2017-04-26,E Tank 3,,10,,,184,,,1840,,18400,,,,
2017-04-26,F High,,10,,,528,,,5280,,52800,,,,
2017-04-26,F Low,,10,,,298,,,2980,,29800,,,,
2017-04-26,F Tank 4,,10,,,328,,,3280,,32800,,,,
2017-04-26,Gooseneck tank,,10,,,272,,,2720,,27200,,,,
2017-04-26,P1 High,,10,,,128,,,1280,,12800,,,,
2017-04-26,P1 Low,,10,,,112,,,1120,,11200,,,,
2017-04-26,P1 Tank ,,10,,,108,,,1080,,10800,,,,
2017-04-26,P2 High,,10,,,40,,,400,,4000,,,,
2017-04-26,P2 Low,,10,,,32,,,320,,3200,,,,
2017-04-26,P2 Tank ,,10,,,32,,,320,,3200,,,,
2017-04-26,P5.5 Town Sump,,10,,,432,,,4320,,43200,,,,
2017-04-26,P5.5 Well Sump,,10,,,2496,,,24960,,249600,,,,
2017-04-26,P6 High,,10,,,80,,,800,,8000,,,,
2017-04-26,P6 Low,,10,,,42,,,420,,4200,,,,
2017-04-26,P6 Tank ,,10,,,E,,,#VALUE!,,#VALUE!,,,,
2017-04-26,P7 High,,10,,,464,,,4640,,46400,,,,
2017-04-26,P7 Low,,10,,,496,,,4960,,49600,,,,
2017-04-26,P7 Tank ,,10,,,388,,,3880,,38800,,,,
2017-04-26,River Discharge,,10,,,96,,,960,,9600,,,,
2017-05-03,A High,,10,,,108,,,1080,,10800,,,,
2017-05-03,A Low,,10,,,0,,,0,,0,,,,
2017-05-03,A Tank 1,,10,,,226,,,2260,,22600,,,,
2017-05-03,B High,,10,,,188,,,1880,,18800,,,,
2017-05-03,B Low,,10,,,104,,,1040,,10400,,,,
2017-05-03,B Tank 5,,10,,,240,,,2400,,24000,,,,
2017-05-03,C High,,10,,,392,,,3920,,39200,,,,
2017-05-03,C Low,,10,,,176,,,1760,,17600,,,,
2017-05-03,C Tank 2,,10,,,356,,,3560,,35600,,,,
2017-05-03,D High,,10,,,136,,,1360,,13600,,,,
2017-05-03,D Low,,10,,,88,,,880,,8800,,,,
2017-05-03,D Tank 2,,10,,,208,,,2080,,20800,,,,
2017-05-03,E BioNorth,,10,,,268,,,2680,,26800,,,,
2017-05-03,E BioSouth,,10,,,228,,,2280,,22800,,,,
2017-05-03,E High,,10,,,512,,,5120,,51200,,,,
2017-05-03,E Low,,10,,,188,,,1880,,18800,,,,
2017-05-03,E Tank 4,,10,,,144,,,1440,,14400,,,,
2017-05-03,F High,,10,,,128,,,1280,,12800,,,,
2017-05-03,F Low,,10,,,148,,,1480,,14800,,,,
2017-05-03,F Tank 2,,10,,,142,,,1420,,14200,,,,
2017-05-03,Gooseneck tank,,10,,,96,sm gray (strep like),,960,,9600,,,,
2017-05-03,P1 High,,10,,,184," black colonies, swarmers",,1840,,18400,,,,
2017-05-03,P1 Low,,10,,,148,sm gray (strep like),,1480,,14800,,,,
2017-05-03,P1 Tank ,,10,,,144,sm gray (strep like),,1440,,14400,,,,
2017-05-03,P2 High,,10,,,132,,,1320,,13200,,,,
2017-05-03,P2 Low,,10,,,84,,,840,,8400,,,,
2017-05-03,P2 Tank ,,10,,,164,,,1640,,16400,,,,
2017-05-03,P5.5 Town Sump,,10,,,736,,,7360,,73600,,,,
2017-05-03,P5.5 Well Sump,,10,,,512,,,5120,,51200,,,,
2017-05-03,P6 High,,10,,,88,,,880,,8800,,,,
2017-05-03,P6 Low,,10,,,326,,,3260,,32600,,,,
2017-05-03,P6 Tank ,,10,,,96,,,960,,9600,,,,
2017-05-03,P7 High,,10,,,992,,,9920,,99200,,,,
2017-05-03,P7 Low,,10,,,886,,,8860,,88600,,,,
2017-05-03,P7 Tank ,,10,,,1020,,,10200,,102000,,,,
2017-05-03,River Discharge,,10,,,OR,solid colonization.,,#VALUE!,,#VALUE!,,,,
2017-05-16,B Bio,,10,,,144,,,1440,,,,,,
2017-05-16,B Low,,10,,,86,,,860,,,,,,
2017-05-16,B plenum,,10,,,208,,,2080,,,,,,
2017-05-17,A High,,10,,,624,,,6240,,62400,,,,
2017-05-17,A Low,,10,,,0,,,0,,0,,,,
2017-05-17,A Tank 2,,10,,,1152,,,11520,,115200,,,,
2017-05-17,B Bio,,10,,,416,,,4160,,41600,,,,
2017-05-17,B High,,10,,,480,,,4800,,48000,,,,
2017-05-17,B Low,,10,,,320,,,3200,,32000,,,,
2017-05-17,B sump post drum,,10,,,480,,,4800,,48000,,,,
2017-05-17,B Tank 1,,10,,,256,,,2560,,25600,,,,
2017-05-17,C Bio,,10,,,104,,,1040,,10400,,,,
2017-05-17,C High,,10,,,784,,,7840,,78400,,,,
2017-05-17,C Low,,10,,,80,,,800,,8000,,,,
2017-05-17,C sump post drum,,10,,,336,,,3360,,33600,,,,
2017-05-17,C Tank 1,,10,,,136,,,1360,,13600,,,,
2017-05-17,D High,,10,,,280,,,2800,,28000,,,,
2017-05-17,D Low,,10,,,40,,,400,,4000,,,,
2017-05-17,D sump post drum,,10,,,196,,,1960,,19600,,,,
2017-05-17,D Tank 1,,10,,,1552,,,15520,,155200,,,,
2017-05-17,D top of Bio,,10,,,72,,,720,,7200,,,,
2017-05-17,E BioNorth,,10,,,368,,,3680,,36800,,,,
2017-05-17,E BioSouth,,10,,,384,,,3840,,38400,,,,
2017-05-17,E High,,10,,,360,,,3600,,36000,,,,
2017-05-17,E Low,,10,,,240,,,2400,,24000,,,,
2017-05-17,E Tank 4,,10,,,248,,,2480,,24800,,,,
2017-05-17,F BioNorth,,10,,,204,,,2040,,20400,,,,
2017-05-17,F BioSouth,,10,,,210,,,2100,,21000,,,,
2017-05-17,F High,,10,,,208,,,2080,,20800,,,,
2017-05-17,F Low,,10,,,128,,,1280,,12800,,,,
2017-05-17,A High,,10,,,112,,,1120,,,,,,
2017-05-17,A Low,,10,,,108,,,1080,,10800,,,,
2017-05-17,A Tank 3,,10,,,856,,,8560,,85600,,,,
2017-05-17,B Bio,,10,,,672,,,6720,,67200,,,,
2017-05-17,B High,,10,,,432,,,4320,,43200,,,,
2017-05-17,B Low,,10,,,256,,,2560,,25600,,,,
2017-05-17,B sump post drum,,10,,,192,,,1920,,19200,,,,
2017-05-17,B Tank 2,,10,,,,,,0,,0,,,,
2017-05-17,C Bio,,10,,,,,,0,,0,,,,
2017-05-17,C High,,10,,,120,,,1200,,12000,,,,
2017-05-17,C Low,,10,,,416,,,4160,,41600,,,,
2017-05-17,C sump post drum,,10,,,400,,,4000,,40000,,,,
2017-05-17,C Tank 2,,10,,,168,,,1680,,16800,,,,
2017-05-17,P7 sump post drum,,10,,,256,,,2560,,25600,,,,
2017-05-17,P7 top of Bio,,10,,,1220,,,12200,,122000,,,,
2017-05-17,River Discharge,,10,,,1260,,,12600,,126000,,,,
2017-05-25,B Bio,,10,,,160,,,1600,,16000,,,,
2017-05-25,B High,,10,,,344,,,3440,,34400,,,,
2017-05-25,B Low,,10,,,112,,,1120,,11200,,,,
2017-05-25,B sump post drum,,10,,,768,,,7680,,76800,,,,
2017-05-25,C Bio,,10,,,60,,,600,,6000,,,,
2017-05-25,C High,,10,,,36,,,360,,3600,,,,
2017-05-25,C Low,,10,,,108,,,1080,,10800,,,,
2017-05-25,C sump post drum,,10,,,78,,,780,,7800,,,,
2017-05-25,D High,,10,,,168,,,1680,,16800,,,,
2017-05-25,D Low,,10,,,112,,,1120,,11200,,,,
2017-05-25,D sump post drum,,10,,,288,,,2880,,28800,,,,
2017-05-25,D top of Bio,,10,,,162,,,1620,,16200,,,,
2017-05-25,E BioNorth,,10,,,402,,,4020,,40200,,,,
2017-05-25,E BioSouth,,10,,,148,,,1480,,14800,,,,
2017-05-25,E High,,10,,,268,,,2680,,26800,,,,
2017-05-25,E Low,,10,,,184,,,1840,,18400,,,,
2017-05-25,F High,,10,,,296,,,2960,,29600,,,,
2017-05-25,F Low,,10,,,88,,,880,,8800,,,,
2017-05-25,holding tank bay 3,,10,,,68,,,680,,6800,,,,
2017-05-25,P1 High,,10,,,184,,,1840,,18400,,,,
2017-05-25,P1 Low,,10,,,224,,,2240,,22400,,,,
2017-05-25,P2 High,,10,,,412,,,4120,,41200,,,,
2017-05-25,P2 Low,,10,,,304,,,3040,,30400,,,,
2017-05-25,P6 High,,10,,,104,,,1040,,10400,,,,
2017-05-25,P6 Low,,10,,,186,,,1860,,18600,,,,
2017-05-25,P7 High,,10,,,128,,,1280,,12800,,,,
2017-05-25,P7 Low,,10,,,148,,,1480,,14800,,,,
2017-05-25,P7 sump post drum,,10,,,110,,,1100,,11000,,,,
2017-05-25,P7 top of Bio,,10,,,380,,,3800,,38000,,,,
2017-06-01,B Bio,,10,,,40,,,400,,4000,,,,
2017-06-01,B High,,10,,,68,,,680,,6800,,,,
2017-06-01,B Low,,10,,,112,,,1120,,11200,,,,
2017-06-01,B sump post drum,,10,,,104,,,1040,,10400,,,,
2017-06-01,C Bio,,10,,,208,black swarmer,,2080,,20800,,,,
2017-06-01,C High,,10,,,432,black swarmer,,4320,,43200,,,,
2017-06-01,C Low,,10,,,256,black swarmer,,2560,,25600,,,,
2017-06-01,C sump post drum,,10,,,400,black swarmer,,4000,,40000,,,,
2017-06-01,D High,,10,,,296,,,2960,,29600,,,,
2017-06-01,D Low,,10,,,100,,,1000,,10000,,,,
2017-06-01,D sump post drum,,10,,,224,,,2240,,22400,,,,
2017-06-01,D top of Bio,,10,,,96,,,960,,9600,,,,
2017-06-01,E BioNorth,,10,,,208,high numbers sm gray,,2080,,20800,,,,
2017-06-01,E BioSouth,,10,,,136,high numbers sm gray,,1360,,13600,,,,
2017-06-01,E High,,10,,,124,high numbers sm gray,,1240,,12400,,,,
2017-06-01,E Low,,10,,,136,high numbers sm gray,,1360,,13600,,,,
2017-06-01,F High,,10,,,96,,,960,,9600,,,,
2017-06-01,F Low,,10,,,46,,,460,,4600,,,,
2017-06-01,P1 High,,10,,,344,,,3440,,34400,,,,
2017-06-01,P1 Low,,10,,,272,,,2720,,27200,,,,
2017-06-01,P2 High,,10,,,176,,,1760,,17600,,,,
2017-06-01,P2 Low,,10,,,48,,,480,,4800,,,,
2017-06-01,P5 tank,,10,,,768,,,7680,,76800,,,,
2017-06-01,P6 High,,10,,,52,,,520,,5200,,,,
2017-06-01,P6 Low,,10,,,136,,,1360,,13600,,,,
2017-06-01,P7 High,,10,,,416,,,4160,,41600,,,,
2017-06-01,P7 Low,,10,,,148,,,1480,,14800,,,,
2017-06-01,P7 top of Bio,,10,,,152,,,1520,,15200,,,,
2017-06-01,,,,,,,,,,,,,,,
2017-06-09,A High,,10,,,184,,,1840,,18400,,,,
2017-06-09,A Low,,10,,,1,,,10,,100,,,,
2017-06-09,B Bio,,10,,,168,,,1680,,16800,,,,
2017-06-09,B High,,10,,,496,,,4960,,49600,,,,
2017-06-09,B Low,,10,,,64,,,640,,6400,,,,
2017-06-09,B sump post drum,,10,,,352,black swarmer,,3520,,35200,,,,
2017-06-09,C Bio,,10,,,88,,,880,,8800,,,,
2017-06-09,C High,,10,,,592,,,5920,,59200,,,,
2017-06-09,C Low,,10,,,80,small gray pred,,800,,8000,,,,
2017-06-09,C sump post drum,,10,,,736,black swarmer,,7360,,73600,,,,
2017-06-09,D High,,10,,,192,,,1920,,19200,,,,
2017-06-09,D Low,,10,,,72,,,720,,7200,,,,
2017-06-09,D sump post drum,,10,,,400,,,4000,,40000,,,,
2017-06-09,D top of Bio,,10,,,104,,,1040,,10400,,,,
2017-06-09,E BioNorth,,10,,,,,,0,,0,,,,
2017-06-09,E BioSouth,,10,,,,,,0,,0,,,,
2017-06-09,E High,,10,,,108,,,1080,,10800,,,,
2017-06-09,E Low,,10,,,56,1 small gray,,560,,5600,,,,
2017-06-09,F High,,10,,,152,,,1520,,15200,,,,
2017-06-09,F Low,,10,,,60,,,600,,6000,,,,
2017-06-09,P+B393:C4235 tank,,10,,,1888,,,18880,,188800,,,,
2017-06-09,P1 High,,10,,,288,,,2880,,28800,,,,
2017-06-09,P1 Low,,10,,,216,,,2160,,21600,,,,
2017-06-09,P2 High,,10,,,52,,,520,,5200,,,,
2017-06-09,P2 Low,,10,,,15,,,150,,1500,,,,
2017-06-09,P6 High,,10,,,232,black swarmer,,2320,,23200,,,,
2017-06-09,P6 Low,,10,,,208,,,2080,,20800,,,,
2017-06-09,P7 High,,10,,,264,,,2640,,26400,,,,
2017-06-09,P7 Low,,10,,,52,,,520,,5200,,,,
2017-06-09,P7 top of Bio,,10,,,44,,,440,,4400,,,,
2017-06-16,A High,,10,,,54,,,540,,5400,,,,
2017-06-16,A Low,,10,,,3,,,30,,300,,,,
2017-06-16,B Bio,,10,,,288,,,2880,,28800,,,,
2017-06-16,B High,,10,,,366,,,3660,,36600,,,,
2017-06-16,B Low,,10,,,336,,,3360,,33600,,,,
2017-06-16,B sump post drum,,10,,,412,,,4120,,41200,,,,
2017-06-16,C Bio,,10,,,64,,,640,,6400,,,,
2017-06-16,C High,,10,,,184,black swarmer,,1840,,18400,,,,
2017-06-16,C Low,,10,,,52,,,520,,5200,,,,
2017-06-16,C sump post drum,,10,,,520,,,5200,,52000,,,,
2017-06-16,D High,,10,,,128,,,1280,,12800,,,,
2017-06-16,D Low,,10,,,52,,,520,,5200,,,,
2017-06-16,D sump post drum,,10,,,220,,,2200,,22000,,,,
2017-06-16,D top of Bio,,10,,,122,,,1220,,12200,,,,
2017-06-16,E BioNorth,,10,,,182,,,1820,,18200,,,,
2017-06-16,E BioSouth,,10,,,300,,,3000,,30000,,,,
2017-06-16,E High,,10,,,512,smelly black swarm all over plate,,5120,,51200,,,,
2017-06-16,E Low,,10,,,410,,,4100,,41000,,,,
2017-06-16,F High,,10,,,304,,,3040,,30400,,,,
2017-06-16,F Low,,10,,,208,,,2080,,20800,,,,
2017-06-16,P1 High,,10,,,176,,,1760,,17600,,,,
2017-06-16,P1 Low,,10,,,312,,,3120,,31200,,,,
2017-06-16,P2 High,,10,,,,,,0,,0,,,,
2017-06-16,P2 Low,,10,,,,,,0,,0,,,,
2017-06-16,P5 tank,,10,,,1800,,,18000,,180000,,,,
2017-06-16,P6 High,,10,,,560,,,5600,,56000,,,,
2017-06-16,P6 Low,,10,,,256,,,2560,,25600,,,,
2017-06-16,P7 High,,10,,,248,,,2480,,24800,,,,
2017-06-16,P7 Low,,10,,,128,,,1280,,12800,,,,
2017-06-16,P7 top of Bio,,10,,,104,,,1040,,10400,,,,
2017-07-13,A High,,10,,,1152,,,11520,,115200,,,,
2017-07-13,A Low,,10,,,896,,,8960,,89600,,,,
2017-07-13,B Bio,,10,,,92,,,920,,9200,,,,
2017-07-13,B High,,10,,,64,,,640,,6400,,,,
2017-07-13,B Low,,10,,,12,,,120,,1200,,,,
2017-07-13,C Bio,,10,,,120,small gray colonies,,1200,,12000,,,,
2017-07-13,C High,,10,,,132,,,1320,,13200,,,,
2017-07-13,C Low,,10,,,9,,,90,,900,,,,
2017-07-13,D High,,10,,,168,,,1680,,16800,,,,
2017-07-13,D Low,,10,,,64,,,640,,6400,,,,
2017-07-13,D top of Bio,,10,,,72,,,720,,7200,,,,
2017-07-13,E BioNorth,,10,,,78,,,780,,7800,,,,
2017-07-13,E BioSouth,,10,,,128,,,1280,,12800,,,,
2017-07-13,E High,,10,,,304,,,3040,,30400,,,,
2017-07-13,E Low,,10,,,40,,,400,,4000,,,,
2017-07-13,F High,,10,,,256,,,2560,,25600,,,,
2017-07-13,F Low,,10,,,144,,,1440,,14400,,,,
2017-07-13,P1 High,,10,,,1500,estimated-numerous black smelly,,15000,,150000,,,,
2017-07-13,P1 Low,,10,,,1200,estimated-numerous black smelly,,12000,,120000,,,,
2017-07-13,P2 High,,10,,,104,,,1040,,10400,,,,
2017-07-13,P2 Low,,10,,,128,,,1280,,12800,,,,
2017-07-13,P6 High,,10,,,22,,,220,,2200,,,,
2017-07-13,P6 Low,,10,,,12,,,120,,1200,,,,
2017-07-13,P7 High,,10,,,368,,,3680,,36800,,,,
2017-07-13,P7 Low,,10,,,78,,,780,,7800,,,,
2017-07-13,P7 top of Bio,,10,,,142,,,1420,,14200,,,,
2017-07-19,A High,,10,,,96,,,960,,9600,,,,
2017-07-19,A Low,,10,,,292,,,2920,,29200,,,,
2017-07-19,B Bio,,10,,,19,,,190,,1900,,,,
2017-07-19,B High,,10,,,144,,,1440,,14400,,,,
2017-07-19,B Low,,10,,,22,,,220,,2200,,,,
2017-07-19,C Bio,,10,,,27,,,270,,2700,,,,
2017-07-19,C High,,10,,,104,,,1040,,10400,,,,
2017-07-19,C Low,,10,,,42,,,420,,4200,,,,
2017-07-19,D High,,10,,,184,,,1840,,18400,,,,
2017-07-19,D Low,,10,,,76,,,760,,7600,,,,
2017-07-19,D top of Bio,,10,,,8,,,80,,800,,,,
2017-07-19,E BioNorth,,10,,,44,,,440,,4400,,,,
2017-07-19,E BioSouth,,10,,,72,,,720,,7200,,,,
2017-07-19,E High,,10,,,352,,,3520,,35200,,,,
2017-07-19,E Low,,10,,,32,,,320,,3200,,,,
2017-07-19,F High,,10,,,416,,,4160,,41600,,,,
2017-07-19,F Low,,10,,,288,,,2880,,28800,,,,
2017-07-19,P1 High,,10,,,176,,,1760,,17600,,,,
2017-07-19,P1 Low,,10,,,216,,,2160,,21600,,,,
2017-07-19,P2 High,,10,,,104,,,1040,,10400,,,,
2017-07-19,P2 Low,,10,,,144,,,1440,,14400,,,,
2017-07-19,P6 High,,10,,,42,,,420,,4200,,,,
2017-07-19,P6 Low,,10,,,22,,,220,,2200,,,,
2017-07-19,P7 High,,10,,,112,,,1120,,11200,,,,
2017-07-19,P7 Low,,10,,,38,,,380,,3800,,,,
2017-07-19,P7 top of Bio,,10,,,92,,,920,,9200,,,,
2017-08-04,B Bio,,10,,,88,,,880,," 8,800 ",,,,
2017-08-04,B sump post drum,,10,,,140,,,1400,,14000,,-59%,,
2017-08-04,C Bio,,10,,,32,,,320,," 3,200 ",,,,
2017-08-04,C Bioin,,10,,,124,,,1240,," 12,400 ",,-288%,,
2017-08-04,D Bioin,,10,,,224,,,2240,," 22,400 ",,,,
2017-08-04,D Bioout,,10,,,92,,,920,," 9,200 ",,59%,,
2017-08-04,E BioIn,,10,,,288,"black swarmers, bad smell",,2880,," 28,800 ",,,,
2017-08-04,E BioNorth,,10,,,120,,,1200,," 12,000 ",,58%,,
2017-08-04,E BioSouth,,10,,,96,Lowamt black swarmer,,960,," 9,600 ",,67%,,
2017-08-04,F Bioin,,10,,,896,,,8960,," 89,600 ",,,,
2017-08-04,F BioNorth,,10,,,512,,,5120,," 51,200 ",,43%,,
2017-08-04,F BioSouth,,10,,,420,,,4200,," 42,000 ",,53%,,
2017-08-04,P1 Bioin,,10,,,416,,,4160,," 41,600 ",,,,
2017-08-04,P1 Bioout,,10,,,326,,,3260,," 32,600 ",,22%,,
2017-08-04,P2 Bioin,,10,,,168,foul black swarmer,,1680,," 16,800 ",,,,
2017-08-04,P2 Bioout,,10,,,128,foul black swarmer,,1280,," 12,800 ",,24%,,
2017-08-04,P6 Bioin,,10,,,352,foul black swarmer,,3520,," 35,200 ",,,,
2017-08-04,P6 Bioout,,10,,,256,foul black swarmer,,2560,," 25,600 ",,27%,,
2017-08-04,P7 Bioin,,10,,,120,foul black swarmer,,1200,," 12,000 ",,,,
2017-08-04,P7 Bioout,,10,,,56,,,560,," 5,600 ",,53%,,
2017-09-07,A High,,10,,,168,,,1680,,16800,,,,
2017-09-07,A Low,,10,,,0,,,0,,0,,,,
2017-09-07,B Bio,,10,,,34,,,340,,3400,,,,
2017-09-07,B High,,10,,,132,,,1320,,13200,,,,
2017-09-07,B Low,,10,,,32,,,320,,3200,,,,
2017-09-07,C Bio,,10,,,64,,,640,,6400,,,,
2017-09-07,C High,,10,,,416,"black swarmers, bad smell",,4160,,41600,,,,
2017-09-07,C Low,,10,,,76,,,760,,7600,,,,
2017-09-07,D High,,10,,,132,,,1320,,13200,,,,
2017-09-07,D Low,,10,,,36,,,360,,3600,,,,
2017-09-07,D top of Bio,,10,,,30,,,300,,3000,,,,
2017-09-07,E BioNorth,,10,,,368,,,3680,,36800,,,,
2017-09-07,E BioSouth,,10,,,656,,,6560,,65600,,,,
2017-09-07,E High,,10,,,1008,,,10080,,100800,,,,
2017-09-07,E Low,,10,,,688,,,6880,,68800,,,,
2017-09-07,F High,,10,,,28,??? ,,280,,2800,,,,
2017-09-07,F Low,,10,,,728,,,7280,,72800,,,,
2017-09-07,P1 High,,10,,,432,,,4320,,43200,,,,
2017-09-07,P1 Low,,10,,,272,,,2720,,27200,,,,
2017-09-07,P2 High,,10,,,272,,,2720,,27200,,,,
2017-09-07,P2 Low,,10,,,168,mostly large white plastic like col,,1680,,16800,,,,
2017-09-07,P6 High,,10,,,992,,,9920,,99200,,,,
2017-09-07,P6 Low,,10,,,224,,,2240,,22400,,,,
2017-09-07,P7 High,,10,,,96,Lowblack swarmer,,960,,9600,,,,
2017-09-07,P7 Low,,10,,,56,,,560,,5600,,,,
2017-09-26,B,,10,,,256,,,2560,,25600,,,,
2017-09-26,P1,,10,,,448,,,4480,,44800,,,,
2017-09-26,P6,,10,,,992,,,9920,,99200,,,,
2017-09-27,B,,10,,,108,,,1080,,10800,,,,
2017-09-27,P1,,10,,,64,,,640,,6400,,,,
2017-09-27,P6,,10,,,512,,,5120,,51200,,,,
2017-10-19,A Bio,,10,,,32,,,320,,3200,,,,
2017-10-19,A High,,10,,,288,numerous small gray colonies,,2880,,28800,,,,
2017-10-19,A Low,,10,,,168,mostly cloudy plastic like morph,,1680,,16800,,,,
2017-10-19,B Bio,,10,,,60,,,600,,6000,,,,
2017-10-19,B High,,10,,,132,,,1320,,13200,,,,
2017-10-19,B Low,,10,,,14,,,140,,1400,,,,
2017-10-19,C Bio,,10,,,64,,,640,,6400,,,,
2017-10-19,C High,,10,,,64,mixed maj white plastic,,640,,6400,,,,
2017-10-19,C Low,,10,,,22,,,220,,2200,,,,
2017-10-19,D High,,10,,,480,,,4800,,48000,,,,
2017-10-19,D Low,,10,,,248,small gray colonies,,2480,,24800,,,,
2017-10-19,D top of Bio,,10,,,432,small gray colonies,,4320,,43200,,,,
2017-10-19,E BioSouth,,10,,,248,,,2480,,24800,,,,
2017-10-19,E High,,10,,,224,,,2240,,22400,,,,
2017-10-19,E Low,,10,,,32,,,320,,3200,,,,
2017-10-19,E tank 1,,10,,,448,,,4480,,44800,,,,
2017-10-19,F Bio,,10,,,944,,,9440,,94400,,,,
2017-10-19,F High,,10,,,1472,,,14720,,147200,,,,
2017-10-19,F Low,,10,,,1248,,,12480,,124800,,,,
2017-10-19,P2 High,,10,,,92,,,920,,9200,,,,
2017-10-19,P2 Low,,10,,,48,,,480,,4800,,,,
2017-10-19,P2 Tear duct,,10,,,36,,,360,,3600,,,,
2017-10-19,P2 top of Bio,,10,,,43,,,430,,4300,,,,
2017-10-19,P6 High,,10,,,608,,,6080,,60800,,,,
2017-10-19,P6 Low,,10,,,528,,,5280,,52800,,,,
2017-10-19,P6 Tear duct,,10,,,296,,,2960,,29600,,,,
2017-10-19,P6 top of Bio,,10,,,464,,,4640,,46400,,,,
2017-10-19,P7 High,,10,,,288,,,2880,,28800,,,,
2017-10-19,P7 Low,,10,,,88,,,880,,8800,,,,
2017-10-19,P7 old Bio,,10,,,168,,,1680,,16800,,,,
2017-10-19,P7 top of Bio,,10,,,136,,,1360,,13600,,,,
2017-10-25,A Bio,,10,,,52,small gray colonies,,520,,5200,,sample 1,101621,19.5424247
2017-10-25,A High,,10,,,164,,,1640,,16400,,Sample 2 ,16200,0.987832941
2017-10-25,A Low,,10,,,3,,,30,,300,,sample 3,27745,92.48364003
2017-10-25,B Bio,,10,,,46,,,460,,4600,,sample 4,64809,14.08900785
2017-10-25,B High,,10,,,124,white sim morp to Bio+,,1240,,12400,,sample 5,14006,1.129540732
2017-10-25,B Low,,10,,,23,,,230,,2300,,sample 6,16065,6.98467834
2017-10-25,D High,,10,,,60,"black swarmer, small colony of",,600,,6000,,sample 7,41483,6.913867302
2017-10-25,D Low,,10,,,42,,,420,,4200,,sample 8,10124,2.410395983
2017-10-25,D top of Bio,,10,,,72,,,720,,7200,,sample 9,8419,1.169301854
2017-10-25,F High,,10,,,1152,,,11520,,115200,,sample 10,144727,1.256307667
2017-10-25,F Low,,10,,,244,,,2440,,24400,,sample 11,67602,2.770584347
2017-10-25,P56 Tear duct,,10,,,58,white sim morp to Bio+,,580,,5800,,sample 12,19685,3.394014651
2017-10-25,P6 Bio,,10,,,132,,,1320,,13200,,sample 13,235134,17.81321543
2017-10-25,P6 High,,10,,,112,"small col black swarmer, mostly white sim to Bio+",,1120,,11200,,sample 14,11297,1.008648305
2017-10-25,P6 Low,,10,,,120,white sim morp to Bio+,,1200,,12000,,sample 15,20006,1.667164099
2017-10-25,Reclaim Gray Tank,,10,,,62,,,620,,6200,,sample 16,579,0.093428542
2017-10-25,Well Header,,10,,,3,,,30,,300,,sample 17,6472,21.57192085
2017-10-27,P2 Bio,,10,,,288,,,2880,,28800,,,,
2017-10-27,P2 High,,10,,,672,,,6720,,67200,,,,
2017-10-27,P2 Low,,10,,,296,,,2960,,29600,,,,
2017-10-27,P7 Bio,,10,,,0,,,0,,0,,,,
2017-10-27,P7 High,,10,,,448,,,4480,,44800,,,,
2017-10-27,P7 Low,,10,,,368,,,3680,,36800,,,,
2017-11-01,P6 Bio,,10,,,208,,,2080,,20800,,,,
2017-11-01,P6 High,,10,,,528,,,5280,,52800,,,,
2017-11-01,P6 Low,,10,,,210,,,2100,,21000,,,,
2017-11-01,P6 Tear duct,,10,,,188,,,1880,,18800,,,,
2017-11-21,D Bio,,10,,,48,,,480,,4800,,,,
2017-11-21,D Low,,10,,,60,,,600,,6000,,,,
2017-11-21,P1 High,,10,,,344,,,3440,,34400,,,,
2017-11-22,A High,,10,,,140,,,1400,,14000,,,,
2017-11-22,A Low,,10,,,1,,,10,,100,,,,
2017-11-22,A Bio,,10,,,84,,,840,,8400,,,,
2017-11-22,B High,,10,,,304,,,3040,,30400,,,,
2017-11-22,B Low,,10,,,44,,,440,,4400,,,,
2017-11-22,B Bio,,10,,,76,,,760,,7600,,,,
2017-11-22,C High,,10,,,88,"black colonies, smell bad",,880,,8800,,,,
2017-11-22,C Low,,10,,,17,,,170,,1700,,,,
2017-11-22,C Bio,,10,,,15,,,150,,1500,,,,
2017-11-22,D High,,10,,,232,,,2320,,23200,,,,
2017-11-22,D Low,,10,,,124,,,1240,,12400,,,,
2017-11-22,D Bio,,10,,,128,,,1280,,12800,,,,
2017-11-22,E High,,10,,,672,,,6720,,67200,,,,
2017-11-22,E Low,,10,,,352,,,3520,,35200,,,,
2017-11-22,F High,,10,,,688,,,6880,,68800,,,,
2017-11-22,F Low,,10,,,674,,,6740,,67400,,,,
2017-11-22,P1 High,,10,,,272,,,2720,,27200,,,,
2017-11-22,P1 Low,,10,,,284,,,2840,,28400,,,,
2017-11-22,P2 High,,10,,,496,"foul smell, black",,4960,,49600,,,,
2017-11-22,P2 Low,,10,,,402,,,4020,,40200,,,,
2017-11-22,P6 High,,10,,,336,,,3360,,33600,,,,
2017-11-22,P6 Low,,10,,,120,,,1200,,12000,,,,
2017-11-22,P7 High,,10,,,416,,,4160,,41600,,,,
2017-11-22,P7 Low,,10,,,462,,,4620,,46200,,,,
2017-11-30,A High,,10,,,168,,,1680,,16800,,,,
2017-11-30,B High,,10,,,312,,,3120,,31200,,,,
2017-11-30,C High,,10,,,152,,,1520,,15200,,,,
2017-11-30,D High,,10,,,104,,,1040,,10400,,,,
2017-11-30,E High,,10,,,496,some black,,4960,,49600,,,,
2017-11-30,F High,,10,,,648,,,6480,,64800,,,,
2017-11-30,P1 High,,10,,,84,,,840,,8400,,,,
2017-11-30,P2 High,,10,,,512,,,5120,,51200,,,,
2017-11-30,P6 High,,10,,,92,one black swarmer,,920,,9200,,,,
2017-11-30,P7 High,,10,,,580,,,5800,,58000,,,,
2017-12-01,F High,,10,,,1280,YS,,12800,,128000,,,,
2017-12-01,P1 High,,10,,,288,YS,,2880,,28800,,,,
2017-12-01,P2 High,,10,,,to high,YS,,#VALUE!,,#VALUE!,,,,
2017-12-01,P6 High,,10,,,224,YS,,2240,,22400,,,,
2017-12-01,P7 High,,10,,,th,YS,,#VALUE!,,#VALUE!,,,,
2017-12-01,A High,,10,,,240,YS,,2400,,24000,,,,
2017-12-01,B High,,10,,,208,YS,,2080,,20800,,,,
2017-12-01,C High,,10,,,30,YS,,300,,3000,,,,
2017-12-01,D High,,10,,,50,YS,,500,,5000,,,,
2017-12-01,E High,,10,,,800,YS,,8000,,80000,,,,
2017-12-06,A High,,10,,,132,most morph sim to bacillus,,1320,,13200,,,,
2017-12-06,B High,,10,,,432,"black, foul smell, some Bc like",,4320,,43200,,,,
2017-12-06,C High,,10,,,232,high incidence sm gray hem,,2320,,23200,,,,
2017-12-06,D High,,10,,,656,some bac like,,6560,,65600,,,,
2017-12-06,E High,,10,,,496,some bac like,,4960,,49600,,,,
2017-12-06,F High,,10,,,728,,,7280,,72800,,,,
2017-12-06,P1 High,,10,,,288,some bac like,,2880,,28800,,,,
2017-12-06,P2 High,,10,,,392,,,3920,,39200,,,,
2017-12-06,P6 High,,10,,,64,mosly bac like,,640,,6400,,,,
2017-12-06,P7 High,,10,,,224,,,2240,,22400,,,,
2017-12-07,A High,,10,,,132,no bac like,,1320,,13200,,,,
2017-12-07,B High,,10,,,296,Lowbac like,,2960,,29600,,,,
2017-12-07,C High,,10,,,92,mod bac like,,920,,9200,,,,
2017-12-07,D High,,10,,,448,"lots of small colonies, some bac",,4480,,44800,,,,
2017-12-07,E High,,10,,,480,"lots of small colonies, mod bac",,4800,,48000,,,,
2017-12-07,F High,,10,,,216,mod bac like,,2160,,21600,,,,
2017-12-07,P1 High,,10,,,272,mostly bac like,,2720,,27200,,,,
2017-12-07,P2 High,,10,,,528,"strong smell, v Lowbac like",,5280,,52800,,,,
2017-12-07,P6 High,,10,,,280,mod bac like,,2800,,28000,,,,
2017-12-07,P7 High,,10,,,200,mostly bac like,,2000,,20000,,,,
2017-12-13,A High,,10,,,48,Lowbac like,,480,,4800,,,,
2017-12-13,B High,,10,,,224,Lowbac like,,2240,,22400,,,,
2017-12-13,C High,,10,,,188,Lowbac like,,1880,,18800,,,,
2017-12-13,D High,,10,,,580,Lowbac like,,5800,,58000,,,,
2017-12-13,E High,,10,,,464,Lowbac like,,4640,,46400,,,,
2017-12-13,F High,,10,,,420,Lowbac like,,4200,,42000,,,,
2017-12-13,P1 High,,10,,,92,Lowbac like,,920,,9200,,,,
2017-12-13,P1 Bio,,10,,,34,Lowbac like,,340,,3400,,,,
2017-12-13,P2 High,,10,,,416,no bac like,,4160,,41600,,,,
2017-12-13,P6 High,,10,,,146,Lowbac like,,1460,,14600,,,,
2017-12-13,P7 High,,10,,,26,half bac like,,260,,2600,,,,
2017-12-13,HT,,10,,,512,"mixed growth, black smelly, Gray",,5120,,51200,,,,
2017-12-13,Cooler HT,,10,,,OR,out of range,,#VALUE!,,#VALUE!,,,,
2017-12-21,A High,,10,,,68,some bac like,,680,,6800,,,,
2017-12-21,B High,,10,,,176,,,1760,,17600,,,,
2017-12-21,C High,,10,,,336,"dark, bad smelling",,3360,,33600,,,,
2017-12-21,D High,,10,,,92,some bac like,,920,,9200,,,,
2017-12-21,E High,,10,,,368,,,3680,,36800,,,,
2017-12-21,F High,,10,,,222,,,2220,,22200,,,,
2017-12-21,P1 High,,10,,,184,,,1840,,18400,,,,
2017-12-21,P2 High,,10,,,386,,,3860,,38600,,,,
2017-12-21,P6 High,,10,,,496,,,4960,,49600,,,,
2017-12-21,P7 High,,10,,,32,,,320,,3200,,,,
2017-12-21,Cooler HT,,10,,,OR,,,#VALUE!,,#VALUE!,,,,
2017-12-28,A High,,10,,,180,,,1800,,18000,,,,
2017-12-28,B High,,10,,,42,some bac like,,420,,4200,,,,
2017-12-28,C High,,10,,,132,,,1320,,13200,,,,
2017-12-28,D High,,10,,,164,,,1640,,16400,,,,
2017-12-28,E High,,10,,,326,some bac like,,3260,,32600,,,,
2017-12-28,F High,,10,,,336,some bac like,,3360,,33600,,,,
2017-12-28,P1 High,,10,,,172,some bac like,,1720,,17200,,,,
2017-12-28,P2 High,,10,,,432,,,4320,,43200,,,,
2017-12-28,P6 High,,10,,,112,,,1120,,11200,,,,
2017-12-28,P7 High,,10,,,48,some bac like,,480,,4800,,,,
2017-12-28,HT,,10,,,296,,,2960,,29600,,,,
2017-12-28,Cooler HT,,10,,,OR,,,#VALUE!,,#VALUE!,,,,
2018-01-10,A High,,10,,,36,some bac like,,360,,3600,,,,
2018-01-10,B High,,10,,,84,some bac like,,840,,8400,,,,
2018-01-10,C High,,10,,,22,some bac like,,220,,2200,,,,
2018-01-10,D High,,10,,,248,some bac like,,2480,,24800,,,,
2018-01-10,E High,,10,,,336,some bac like,,3360,,33600,,,,
2018-01-10,F High,,10,,,576,some bac like,,5760,,57600,,,,
2018-01-10,P1 High,,10,,,64,,,640,,6400,,,,
2018-01-10,P2 High,,10,,,448,,,4480,,44800,,,,
2018-01-10,P6 High,,10,,,72,,,720,,7200,, ,,
2018-01-10,P7 High,,10,,,156,some bac like,,1560,,15600,,,,
2018-01-10,HT,,10,,,112,,,1120,,11200,,,,
2018-01-19,A High,,10,,,38,,,380,,3800,,,,
2018-01-19,B High,,10,,,168,,,1680,,16800,,,,
2018-01-19,C High,,10,,,32,,,320,,3200,,,,
2018-01-19,D High,,10,,,76,,,760,,7600,,,,
2018-01-19,E High,,10,,,328,,,3280,,32800,,,,
2018-01-19,F High,,10,,,416,,,4160,,41600,,,,
2018-01-19,P1 High,,10,,,92,,,920,,9200,,,,
2018-01-19,P2 High,,10,,,96,,,960,,9600,,,,
2018-01-19,P6 High,,10,,,104,,,1040,,10400,,,,
2018-01-19,P7 High,,10,,,264,,,2640,,26400,,,,
2018-01-19,HT,,10,,,40,,,400,,4000,,,,
2018-01-19,River Discharge,,10,,,688,,,6880,,68800,,,,
2018-01-24,A High,,10,,,89,,,890,,8900,,,,
2018-01-24,B High,,10,,,72,some bac like,,720,,7200,,,,
2018-01-24,C High,,10,,,112,some bac like,,1120,,11200,,,,
2018-01-24,D High,,10,,,224,some bac like,,2240,,22400,,,,
2018-01-24,E High,,10,,,232,some bac like,,2320,,23200,,,,
2018-01-24,F High,,10,,,200,some bac like,,2000,,20000,,,,
2018-01-24,P1 High,,10,,,120,,,1200,,12000,,,,
2018-01-24,P2 High,,10,,,64,almost all bac like,,640,,6400,,,,
2018-01-24,P6 High,,10,,,32,"some bac like, black swarmer",,320,,3200,,,,
2018-01-24,P7 High,,10,,,184,some bac like,,1840,,18400,,,,
2018-01-24,HT,,10,,,264,"some bac like, black swarmer",,2640,,26400,,,,
2018-02-01,A High,,10,,,120,some bac like,,1200,,12000,,,,
2018-02-01,B High,,10,,,184,some bac like,,1840,,18400,,,,
2018-02-01,C High,,10,,,72,some bac like,,720,,7200,,,,
2018-02-01,D High,,10,,,312,,,3120,,31200,,,,
2018-02-01,E High,,10,,,448,,,4480,,44800,,,,
2018-02-01,F High,,10,,,336,,,3360,,33600,,,,
2018-02-01,P1 High,,10,,,68,some bac like,,680,,6800,,,,
2018-02-01,P2 High,,10,,,80,almost all bac like,,800,,8000,,,,
2018-02-01,P6 High,,10,,,72,some bac like,,720,,7200,,,,
2018-02-01,P7 High,,10,,,240,some bac like,,2400,,24000,,,,
2018-02-01,HT,,10,,,48,some bac like,,480,,4800,,,,
2018-02-01,HTBay 5,,10,,,96,some bac like,,960,,9600,,,,
2018-02-01,HTLHO,,10,,,24,some bac like,,240,,2400,,,,
2018-02-14,A High,,10,,,23,,,230,,2300,,,,
2018-02-14,B High,,10,,,56,,,560,,5600,,,,
2018-02-14,B Low,,10,,,32,some bac like,,320,,3200,,,,
2018-02-14,B UV,,10,,,15,,,150,,1500,,,,
2018-02-14,C High,,10,,,282,,,2820,,28200,,,,
2018-02-14,D High,,10,,,368,black swarmer,,3680,,36800,,,,
2018-02-14,E High,,10,,,72,some bac like,,720,,7200,,,,
2018-02-14,F High,,10,,,96,,,960,,9600,,,,
2018-02-14,P1 High,,10,,,32,some bac like,,320,,3200,,,,
2018-02-14,P2 High,,10,,,278,black swarmer,,2780,,27800,,,,
2018-02-14,P6 High,,10,,,28,,,280,,2800,,,,
2018-02-14,P7 High,,10,,,112,,,1120,,11200,,,,
2018-02-14,HT,,10,,,422,,,4220,,42200,,,,
2018-03-07,A High,,10,,,32,Lowbac like,,320,,3200,,,,
2018-03-07,B High,,10,,,66,,,660,,6600,,,,
2018-03-07,C High,,10,,,264,,,2640,,26400,,,,
2018-03-07,D High,,10,,,112,Lowbac like,,1120,,11200,,,,
2018-03-07,E High,,10,,,116,,,1160,,11600,,,,
2018-03-07,E Low,,10,,,56,,,560,,5600,,,,
2018-03-07,F High,,10,,,282,,,2820,,28200,,,,
2018-03-07,F Low,,10,,,84,mod bac like,,840,,8400,,,,
2018-03-07,P1 High,,10,,,44,,,440,,4400,,,,
2018-03-07,P2 High,,10,,,98,,,980,,9800,,,,
2018-03-07,P6 High,,10,,,80,,,800,,8000,,,,
2018-03-07,P7 High,,10,,,432,,,4320,,43200,,,,
2018-03-07,HT,,10,,,108,mod bac like,,1080,,10800,,,,
2018-03-29,A High,upriser,10,,,64,,,640,,6400,,,,
2018-03-29,B High,inside drum,10,,,112,mostly bac like,,1120,,11200,,,,
2018-03-29,B Low,Ph Port,10,,,92,mostly bac like,,920,,9200,,,,
2018-03-29,B post UV,B8 infLow,10,,,60,mostly bac like,,600,,6000,,,,
2018-03-29,C High,plenum,10,,,84,mostly bac like,,840,,8400,,,,
2018-03-29,D High,plenum,10,,,132,half bac like,,1320,,13200,,,,
2018-03-29,E High,inside drum,10,,,248,,,2480,,24800,,,,
2018-03-29,F High,inside drum,10,,,264,some bac like,,2640,,26400,,,,
2018-03-29,P1 High,riser,10,,,96,,,960,,9600,,,,
2018-03-29,P2 High,riser,10,,,106,,,1060,,10600,,,,
2018-03-29,P6 High,riser,10,,,248,small gray colonies,,2480,,24800,,,,
2018-03-29,P7 High,riser,10,,,144,,,1440,,14400,,,,
2018-03-29,HT,bay ,10,,,432,,,4320,,43200,,,,
2018-05-04,A High,upriser,10,,,112,small amount bac like,,1120,,11200,,,,
2018-05-04,B High,inside drum,10,,,124,sm amount bac like,,1240,,12400,,,,
2018-05-04,C High,plenum,10,,,138,half bac like,,1380,,13800,,,,
2018-05-04,D High,plenum,10,,,162,some bac like,,1620,,16200,,,,
2018-05-04,E High,inside drum,10,,,264,some bac lik,,2640,,26400,,,,
2018-05-04,F High,inside drum,10,,,176,half bac like,,1760,,17600,,,,
2018-05-04,P1 High,riser,10,,,84,mostly bac like,,840,,8400,,,,
2018-05-04,P2 High,riser,10,,,68,mostly bac like,,680,,6800,,,,
2018-05-04,P6 High,riser,10,,,66,mostly bac like,,660,,6600,,,,
2018-05-04,P7 High,riser,10,,,132,mostly bac like,,1320,,13200,,,,
2018-05-04,HT,bay ,10,,,352,some bac like,,3520,,35200,,,,
2018-05-30,A High,upriser,10,,,124,"elevated gray, some bac like",,1240,,12400,,,,
2018-05-30,B High,inside drum,10,,,88,some bac like,,880,,8800,,,,
2018-05-30,C High,plenum,10,,,84,some bac like,,840,,8400,,,,
2018-05-30,D High,plenum,10,,,112,some bac like,,1120,,11200,,,,
2018-05-30,E High,plenum,10,,,216,some bac like,,2160,,21600,,,,
2018-05-30,F High,inside drum,10,,,256,some bac like,,2560,,25600,,,,
2018-05-30,P1 High,riser,10,,,104,mostly bac like,,1040,,10400,,,,
2018-05-30,P2 High,riser,10,,,112,mostly bac like,,1120,,11200,,,,
2018-05-30,P6 High,riser,10,,,26,mostly bac like,,260,,2600,,,,
2018-05-30,P7 High,riser,10,,,56,mostly bac like,,560,,5600,,,,
2018-05-30,HT,bay ,10,,,362,black,,3620,,36200,,,,
2018-06-13,A Bio,top Bio,10,,,84,,,840,,8400,,"system was mid bleaching, Biobypassed",,
2018-06-13,B High,inside drum,10,,,624,"lots of black swarmer, some bac ",,6240,,62400,,,,
2018-06-13,C High,plenum,10,,,112,some bac like,,1120,,11200,,,,
2018-06-13,D High,plenum,10,,,98,some bac like,,980,,9800,,,,
2018-06-13,E High,plenum,10,,,232,heavy black swarmer,,2320,,23200,,,,
2018-06-13,F High,inside drum,10,,,176,,,1760,,17600,,,,
2018-06-13,P1 High,riser,10,,,72,some bac like,,720,,7200,,,,
2018-06-13,P2 High,riser,10,,,152,some bac like,,1520,,15200,,,,
2018-06-13,P6 High,riser,10,,,78,some bac like,,780,,7800,,,,
2018-06-13,P7 High,riser,10,,,432,,,4320,,43200,,,,
2018-06-13,HT,bay ,10,,,688,,,6880,,68800,,,,
2018-08-02,A High,upriser,10,,,672,foul smell ,,6720,,67200,,,,
2018-08-02,B High,inside drum,10,,,92,1 bac like colony,,920,,9200,,,,
2018-08-02,C High,plenum,10,,,112,Fish Health Pics\2018\IMG_0359.jpg,,1120,,11200,,,,
2018-08-02,D High,plenum,10,,,96,Fish Health Pics\2018\IMG_0359.jpg,,960,,9600,,,,
2018-08-02,E High,plenum,10,,,608,Fish Health Pics\2018\IMG_0360.jpg,,6080,,60800,,,,
2018-08-02,F High,inside drum,10,,,88,Fish Health Pics\2018\IMG_0360.jpg,,880,,8800,,,,
2018-08-02,P1 High,riser,10,,,184,Fish Health Pics\2018\IMG_0360.jpg,,1840,,18400,,,,
2018-08-02,P2 High,riser,10,,,160,Fish Health Pics\2018\IMG_0360.jpg,,1600,,16000,,,,
2018-08-02,P6 High,riser,10,,,108,Fish Health Pics\2018\IMG_0361.jpg,,1080,,10800,,,,
2018-08-02,P7 High,riser,10,,,192,"foul smell, black",,1920,,19200,,,,
2018-08-02,HT,bay ,10,,,656,"foul smell, black",,6560,,65600,,,,
2018-08-09,A High,upriser,10,,,64,some bac like,,640,,6400,,,,
2018-08-09,B High,inside drum,10,,,112,,,1120,,11200,,,,
2018-08-09,C High,plenum,10,,,208,,,2080,,20800,,,,
2018-08-09,D High,plenum,10,,,68,,,680,,6800,,,,
2018-08-09,E High,plenum,10,,,302,black swarmer,,3020,,30200,,,,
2018-08-09,F High,inside drum,10,,,144,black swarmer,,1440,,14400,,,,
2018-08-09,P1 High,riser,10,,,128,mostly all bac like,,1280,,12800,,,,
2018-08-09,P2 High,riser,10,,,66,some bac like,,660,,6600,,,,
2018-08-09,P6 High,riser,10,,,68,some bac like,,680,,6800,,,,
2018-08-09,P7 High,riser,10,,,286,some bac like,,2860,,28600,,,,
2018-08-09,HT,bay ,10,,,432,,,4320,,43200,,,,
2018-09-27,A High,upriser,10,,,212,,,2120,,21200,,,,
2018-09-27,B High,inside drum,10,,,688,,,6880,,68800,,,,
2018-09-27,C High,plenum,10,,,108,,,1080,,10800,,,,
2018-09-27,D High,plenum,10,,,52,some bac like,,520,,5200,,,,
2018-09-27,E High,plenum,10,,,448,some bac like,,4480,,44800,,,,
2018-09-27,F High,inside drum,10,,,592,,,5920,,59200,,,,
2018-09-27,P1 High,riser,10,,,56,mostly bac like,,560,,5600,,,,
2018-09-27,P2 High,riser,10,,,192,some bac like,,1920,,19200,,,,
2018-09-27,P6 High,riser,10,,,1088,,,10880,,108800,,,,
2018-09-27,P7 High,riser,10,,,60,some bac like,,600,,6000,,,,
2018-09-27,HT,bay ,10,,,224,some bac like,,2240,,22400,,,,
2018-10-15,A High,upriser,10,,,132,,,1320,,13200,,,,
2018-10-15,B High,inside drum,10,,,216,some bac like,,2160,,21600,,,,
2018-10-15,C High,plenum,10,,,52,,,520,,5200,,,,
2018-10-15,D High,plenum,10,,,512,,,5120,,51200,,,,
2018-10-15,E High,plenum,10,,,176,some bac like,,1760,,17600,,,,
2018-10-15,F High,inside drum,10,,,216,some bac like,,2160,,21600,,,,
2018-10-15,P1 High,riser,10,,,64,some bac like,,640,,6400,,,,
2018-10-15,P2 High,riser,10,,,112,,,1120,,11200,,,,
2018-10-15,P6 High,riser,10,,,60,,,600,,6000,,,,
2018-10-15,P7 High,riser,10,,,32,,,320,,3200,,,,
2018-10-15,HT,bay ,10,,,336,mixed growth w bac like,,3360,,33600,,,,
2018-11-28,A High,upriser,10,,,3,,,30,,300,,,,
2018-11-28,B High,inside drum,10,,,468,,,4680,,46800,,,,
2018-11-28,C High,plenum,10,,,496,,,4960,,49600,,,,
2018-11-28,D High,plenum,10,,,272,,,2720,,27200,,,,
2018-11-28,E High,plenum,10,,,176,,,1760,,17600,,,,
2018-11-28,F High,inside drum,10,,,224,,,2240,,22400,,,,
2018-11-28,P1 High,riser,10,,,168,,,1680,,16800,,,,
2018-11-28,P2 High,riser,10,,,112,,,1120,,11200,,,,
2018-11-28,P6 High,riser,10,,,160,some bac like,,1600,,16000,,,,
2018-11-28,P7 High,riser,10,,,208,,,2080,,20800,,,,
2018-11-28,P9 High,riser,10,,,156,,,1560,,15600,,,,
2018-11-28,HT,bay ,10,,,144,mod bac like,,1440,,14400,,,,
2019-01-03,A High,upriser,10,,,60,,,600,,6000,,,,
2019-01-03,B High,inside drum,10,,,92,,,920,,9200,,,,
2019-01-03,C High,plenum,10,,,248,,,2480,,24800,,,,
2019-01-03,D High,plenum,10,,,76,,,760,,7600,,,,
2019-01-03,E High,plenum,10,,,368,,,3680,,36800,,,,
2019-01-03,F High,inside drum,10,,,208,,,2080,,20800,,,,
2019-01-03,P1 High,riser,10,,,168,mod bac like,,1680,,16800,,,,
2019-01-03,P2 High,riser,10,,,172,,,1720,,17200,,,,
2019-01-03,P6 High,riser,10,,,400,over run with black swarmer,,4000,,40000,,,,
2019-01-03,P7 High,riser,10,,,144,,,1440,,14400,,,,
2019-01-03,P9 High,riser,10,,,4,,,40,,400,,,,
2019-01-03,HT,bay ,10,,,128,some bac like,,1280,,12800,,,,
2019-01-16,A High,upriser,10,,,198,mod bac like,,1980,,19800,,,,
2019-01-16,B High,inside drum,10,,,208,mod bac like,,2080,,20800,,,,
2019-01-16,C High,plenum,10,,,82,Lowbac like,,820,,8200,,,,
2019-01-16,D High,plenum,10,,,108,Lowbac like,,1080,,10800,,,,
2019-01-16,E High,plenum,10,,,368,some bac like,,3680,,36800,,,,
2019-01-16,F High,inside drum,10,,,236,mod bac like,,2360,,23600,,,,
2019-01-16,P1 High,riser,10,,,128,mostly bac like,,1280,,12800,,,,
2019-01-16,P2 High,riser,10,,,92,mostly bac like,,920,,9200,,,,
2019-01-16,P6 High,riser,10,,,136,mostly bac like,,1360,,13600,,,,
2019-01-16,P7 High,riser,10,,,294,some bac like,,2940,,29400,,,,
2019-01-16,P9 High,riser,10,,,220,mostly bac like,,2200,,22000,,,,
2019-01-16,HT,bay ,10,,,394,mod bac like,,3940,,39400,,,,
2019-01-31,A High,upriser,10,,,92,some bac like,,920,,9200,,,,
2019-01-31,A pre UV,LHO SigHTtube,10,,,76,some bac like,,760,,7600,,,,
2019-01-31,A post UV,tank sigHTtube,10,,,33,some bac like,,330,,3300,,,,
2019-01-31,B High,inside drum,10,,,304,dark swarmer,,3040,,30400,,,,
2019-01-31,C High,plenum,10,,,232,foul odor,,2320,,23200,,,,
2019-01-31,D High,plenum,10,,,12,,,120,,1200,,,,
2019-01-31,E High,plenum,10,,,192,,,1920,,19200,,,,
2019-01-31,F High,inside drum,10,,,120,,,1200,,12000,,,,
2019-01-31,P1 High,riser,10,,,168,,,1680,,16800,,,,
2019-01-31,P2 High,riser,10,,,120,,,1200,,12000,,,,
2019-01-31,P6 High,riser,10,,,104,mostly all bac like,,1040,,10400,,,,
2019-01-31,P7 High,riser,10,,,208,,,2080,,20800,,,,
2019-01-31,P9 High,riser,10,,,68,mostly all bac like,,680,,6800,,,,
2019-01-31,HT,bay ,10,,,340,some bac like,,3400,,34000,,,,
2019-02-08,A High,upriser,10,,,82,black swarmer,,820,,8200,,,,
2019-02-08,B High,inside drum,10,,,104,,,1040,,10400,,,,
2019-02-08,C High,plenum,10,,,128,,,1280,,12800,,,,
2019-02-08,D High,plenum,10,,,152,,,1520,,15200,,,,
2019-02-08,E High,plenum,10,,,448,,,4480,,44800,,,,
2019-02-08,F High,inside drum,10,,,112,,,1120,,11200,,,,
2019-02-08,P1 High,riser,10,,,208,,,2080,,20800,,,,
2019-02-08,P2 High,riser,10,,,44,,,440,,4400,,,,
2019-02-08,P6 High,riser,10,,,112,mostly bac like,,1120,,11200,,,,
2019-02-08,P7 High,riser,10,,,152,,,1520,,15200,,,,
2019-02-08,P9 High,riser,10,,,56,,,560,,5600,,,,
2019-02-08,HT,bay ,10,,,88,,,880,,8800,,,,
2019-02-08,"B ""void"" pipe",old 7/8,10,,,592,,,5920,,59200,,,,
2019-03-28,A High,upriser,10,,,56,most morph sim to bacillus,,560,,5600,,,,
2019-03-28,B High,inside drum,10,,,352,some bac like,,3520,,35200,,,,
2019-03-28,C High,plenum,10,,,184,some bac like,,1840,,18400,,,,
2019-03-28,D High,plenum,10,,,112,most morph sim to bacillus,,1120,,11200,,,,
2019-03-28,E High,plenum,10,,,304,some bac like,,3040,,30400,,,,
2019-03-28,F High,inside drum,10,,,216,some bac like,,2160,,21600,,,,
2019-03-28,P1 High,riser,10,,,144,most morph sim to bacillus,,1440,,14400,,,,
2019-03-28,P2 High,riser,10,,,132,most morph sim to bacillus,,1320,,13200,,,,
2019-03-28,P6 High,riser,10,,,192,most morph sim to bacillus,,1920,,19200,,,,
2019-03-28,P7 High,riser,10,,,256,some bac like,,2560,,25600,,,,
2019-03-28,P9 High,riser,10,,,152,mod bac like,,1520,,15200,,,,
2019-03-28,HT,bay ,10,,,368,some bac like,,3680,,36800,,,,
2019-05-02,A High,upriser,10,,,27,,,270,,2700,,,,
2019-05-02,B High,inside drum,10,,,168,,,1680,,16800,,,,
2019-05-02,C High,plenum,10,,,280,,,2800,,28000,,,,
2019-05-02,D High,plenum,10,,,172,,,1720,,17200,,,,
2019-05-02,E High,plenum,10,,,656,,,6560,,65600,,,,
2019-05-02,F High,inside drum,10,,,208,,,2080,,20800,,,,
2019-05-02,P1 High,riser,10,,,192,,,1920,,19200,,,,
2019-05-02,P2 High,riser,10,,,68,,,680,,6800,,,,
2019-05-02,P6 High,riser,10,,,72,,,720,,7200,,,,
2019-05-02,P7 High,riser,10,,,184,,,1840,,18400,,,,
2019-05-02,P9 High,riser,10,,,104,,,1040,,10400,,,,
2019-05-02,P10 High,riser,10,,,272,some bac like,,2720,,27200,,,,
2019-05-02,HT,bay ,10,,,192,,,1920,,19200,,,,
2019-05-02,P5 ,lab exp,10,,,562,,,5620,,56200,,,,
2019-05-02,P5  Formalin,lab exp,10,,,1000, ,,10000,,100000,,,,
2019-05-16,A High,upriser,10,,,132,some bac like,,1320,,13200,,,,
2019-05-16,B High,inside drum,10,,,104,"some bac, some caulifLower like",,1040,,10400,,,,
2019-05-16,C High,plenum,10,,,124,"some bac, some caulifLower like",,1240,,12400,,,,
2019-05-16,D High,plenum,10,,,168,mod bac like,,1680,,16800,,,,
2019-05-16,E High,plenum,10,,,528,"some bac, some caulifLower like",,5280,,52800,,,,
2019-05-16,F High,inside drum,10,,,642,,,6420,,64200,,,,
2019-05-16,P1 High,riser,10,,,184,"some bac, some caulifLower like",,1840,,18400,,,,
2019-05-16,P2 High,riser,10,,,112,mod bac like,,1120,,11200,,,,
2019-05-16,P6 High,riser,10,,,116,mod bac like,,1160,,11600,,,,
2019-05-16,P7 High,riser,10,,,298,mod bac like,,2980,,29800,,,,
2019-05-16,P9 High,riser,10,,,264,mod bac like,,2640,,26400,,,,
2019-05-16,P10 High,riser,10,,,386,mostly bac like,,3860,,38600,,,,
2019-05-16,HT,bay ,10,,,256,mod bac like,,2560,,25600,,,,
2019-06-20,A High,upriser,10,,,84,,,840,,8400,,,,
2019-06-20,B High,inside drum,10,,,116,"some bac like, some caulifLower",,1160,,11600,,,,
2019-06-20,C High,plenum,10,,,80,some caulifLower like,,800,,8000,,,,
2019-06-20,D High,plenum,10,,,192,some caulifLower like,,1920,,19200,,,,
2019-06-20,E High,plenum,10,,,248,,,2480,,24800,,,,
2019-06-20,F High,inside drum,10,,,328,some caulifLower like,,3280,,32800,,,,
2019-06-20,P1 High,riser,10,,,56,,,560,,5600,,,,
2019-06-20,P2 High,riser,10,,,224,foul smell,,2240,,22400,,,,
2019-06-20,P6 High,riser,10,,,68,,,680,,6800,,,,
2019-06-20,P7 High,riser,10,,,312,some caulifLower like,,3120,,31200,,,,
2019-06-20,P9 High,riser,10,,,62,,,620,,6200,,,,
2019-06-20,P10 High,riser,10,,,32,,,320,,3200,,,,
2019-06-20,HT,bay ,10,,,88,,,880,,8800,,,,
2019-07-11,A High,upriser,10,,,82,,,820,,8200,,,,
2019-07-11,B High,inside drum,10,,,184,,,1840,,18400,,,,
2019-07-11,C High,plenum,10,,,88,some bac like,,880,,8800,,,,
2019-07-11,D High,plenum,10,,,248,small gray colonies,,2480,,24800,,,,
2019-07-11,E High,plenum,10,,,232,,,2320,,23200,,,,
2019-07-11,F High,inside drum,10,,,272,"dark colonies, hemolytic, smell",,2720,,27200,,,,
2019-07-11,P1 High,riser,10,,,96,some bac like,,960,,9600,,,,
2019-07-11,P2 High,riser,10,,,216,,,2160,,21600,,,,
2019-07-11,P6 High,riser,10,,,92,mostly bac like,,920,,9200,,,,
2019-07-11,P7 High,riser,10,,,132,some bac like,,1320,,13200,,,,
2019-07-11,P9 High,riser,10,,,68,mostly bac like,,680,,6800,,,,
2019-07-11,P10 High,riser,10,,,84,,,840,,8400,,,,
2019-07-11,HT,bay ,10,,,528,,,5280,,52800,,,,
2019-07-30,A High,upriser,10,,,48,some bac like,,480,,4800,,,,
2019-07-30,B High,inside drum,10,,,132,some bac like,,1320,,13200,,,,
2019-07-30,C High,plenum,10,,,328,,,3280,,32800,,,,
2019-07-30,D High,plenum,10,,,184,,,1840,,18400,,,,
2019-07-30,E High,plenum,10,,,308,,,3080,,30800,,,,
2019-07-30,F High,inside drum,10,,,152,black swarmer,,1520,,15200,,,,
2019-07-30,P1 High,riser,10,,,148,,,1480,,14800,,,,
2019-07-30,P2 High,riser,10,,,48,some bac like,,480,,4800,,,,
2019-07-30,P6 High,riser,10,,,138,black swarmer,,1380,,13800,,,,
2019-07-30,P7 High,riser,10,,,304,small immature colonies,,3040,,30400,,,,
2019-07-30,P9 High,riser,10,,,156,,,1560,,15600,,,,
2019-07-30,P10 High,riser,10,,,52,some bac like,,520,,5200,,,,
2019-07-30,HT,bay ,10,,,376,,,3760,,37600,,,,
2019-07-30,Purge tank,tank   ,10,,,134,mostly bac like,,1340,,13400,,,,
2019-09-26,A High,upriser,10,,,38,,,380,,3800,,,,
2019-09-26,B High,inside drum,10,,,124,some bac some black swarmer,,1240,,12400,,,,
2019-09-26,C High,plenum,10,,,64,some bac like,,640,,6400,,,,
2019-09-26,D High,plenum,10,,,256,some bac like,,2560,,25600,,,,
2019-09-26,E High,plenum,10,,,264,some bac like,,2640,,26400,,,,
2019-09-26,F High,inside drum,10,,,420,,,4200,,42000,,,,
2019-09-26,P1 High,riser,10,,,84,some bac like,,840,,8400,,,,
2019-09-26,P2 High,riser,10,,,68,mod bac like,,680,,6800,,,,
2019-09-26,P6 High,riser,10,,,48,some bac some black swarmer,,480,,4800,,,,
2019-09-26,P7 High,riser,10,,,132,mostly bac like,,1320,,13200,,,,
2019-09-26,P9 High,riser,10,,,148,black swarmer,,1480,,14800,,,,
2019-09-26,P10 High,riser,10,,,56,,,560,,5600,,,,
2019-09-26,HT,bay ,10,,,480,,,4800,,48000,,,,
2019-10-11,B High,inside drum,10,,,280,,,2800,,28000,,,,
2019-10-11,C High,plenum,10,,,112,,,1120,,11200,,,,
2019-10-11,D High,plenum,10,,,240,,,2400,,24000,,,,
2019-10-17,A High,upriser,10,,,88,,,880,,8800,,,,
2019-10-17,B High,inside drum,10,,,148,"some black swarmer, some bac",,1480,,14800,,,,
2019-10-17,C High,plenum,10,,,68,some bac like,,680,,6800,,,,
2019-10-17,D High,plenum,10,,,304,mixed bac and small dark colonies,,3040,,30400,,,,
2019-10-17,E High,plenum,10,,,226,some bac ,,2260,,22600,,,,
2019-10-17,F High,inside drum,10,,,352,"some black swarmer, some bac",,3520,,35200,,,,
2019-10-17,P1 High,riser,10,,,352,some bac mostly sLowgrowing small,,3520,,35200,,,,
2019-10-17,P2 High,riser,10,,,128,,,1280,,12800,,,,
2019-10-17,P6 High,riser,10,,,52,,,520,,5200,,,,
2019-10-17,P7 High,riser,10,,,380,,,3800,,38000,,,,
2019-10-17,P9 High,riser,10,,,272,,,2720,,27200,,,,
2019-10-17,P10 High,riser,10,,,302,,,3020,,30200,,,,
2019-10-17,HT,bay ,10,,,162,,,1620,,16200,,,,
2019-11-21,A High,upriser,10,,,84,some bac like,,840,,8400,,,,
2019-11-21,B High,inside drum,10,,,428,"some bac like, some alph hem",,4280,,42800,,,,
2019-11-21,C High,plenum,10,,,102,some bac like,,1020,,10200,,,,
2019-11-21,D High,plenum,10,,,256,some bac like,,2560,,25600,,,,
2019-11-21,E High,inside drum,10,,,128,,,1280,,12800,,,,
2019-11-21,F High,inside drum,10,,,156,,,1560,,15600,,,,
2019-11-21,P1 High,riser,10,,,304,,,3040,,30400,,,,
2019-11-21,P2 High,riser,10,,,456,some bac like,,4560,,45600,,,,
2019-11-21,P6 High,riser,10,,,304,some bac like,,3040,,30400,,,,
2019-11-21,P7 High,riser,10,,,240,some bac like,,2400,,24000,,,,
2019-11-21,P9 High,riser,10,,,176,some bac like,,1760,,17600,,,,
2019-11-21,P10 High,riser,10,,,112,mostly bac like,,1120,,11200,,,,
2019-11-21,HT,bay ,10,,,184,mostly bac like,,1840,,18400,,,,
2019-12-12,A High,upriser,10,,,92,,,920,,9200,,,,
2019-12-12,B High,inside drum,10,,,108,mostly bac like w a small gray,,1080,,10800,,,,
2019-12-12,C High,plenum,10,,,456,,,4560,,45600,,,,
2019-12-12,D High,plenum,10,,,624,3 Big grey swarms,,6240,,62400,,,,
2019-12-12,E High,inside drum,10,,,164,mostly bac like,,1640,,16400,,,,
2019-12-12,F High,inside drum,10,,,236,mostly bac like,,2360,,23600,,,,
2019-12-12,P1 High,riser,10,,,360,some bac like,,3600,,36000,,,,
2019-12-12,P2 High,riser,10,,,1984,small grey,,19840,,198400,,,,
2019-12-12,P6 High,riser,10,,,260,large gray,,2600,,26000,,,,
2019-12-12,P7 High,riser,10,,,2800,Did not spread througholy over plate,,28000,,280000,,,,
2019-12-12,P9 High,riser,10,,,30,Some bac like,,300,,3000,,,,
2019-12-12,P10 High,riser,10,,,448,,,4480,,44800,,,,
2019-12-12,HT,bay ,10,,,124,small grey,,1240,,12400,,,,
2020-01-07,B1,Influent (UV),10,,,648, ,,6480,,64800,,C:\Users\Lab1\Desktop\Culture Plates\b1 infLow.jpg,,
2020-01-07,B1,Effluent,10,,,712,,,7120,,71200,,C:\Users\Lab1\Desktop\Culture Plates\b1 outfLow.jpg,,
2020-01-07,B2,Influent,10,,,976,,,9760,,97600,,C:\Users\Lab1\Desktop\Culture Plates\B2 infLow.jpg,,
2020-01-23,Gray tank,sample port,10,,,352,,,3520,,35200,,,,
2020-01-30,gray tank post O3,sample port,10,,,OR,,,#VALUE!,,#VALUE!,,,,
2020-02-27,A High,upriser,10,,,108,mod bac like,,1080,,1080,,,,
2020-02-27,B High,inside drum,10,,,48,small gray colonies,,480,,480,,,,
2020-02-27,B top Bio,top Bio,10,,,52,small gray colonies,,520,,520,,,,
2020-02-27,B post U tube,post U tube,10,,,7,,,70,,70,,,,
2020-02-27,B1 w fish post uv,tank opp side,10,,,272,some bac like,,2720,,2720,,,,
2020-02-27,B1 w fish post uv,top of infLow,10,,,7,,,70,,70,,,,
2020-02-27,B1 w fish post uv,bottom of infLow,10,,,4,,,40,,40,,,,
2020-02-27,B6 empty,tank opp side,10,,,7,,,70,,70,,,,
2020-02-27,B6 empty,top of infLow,10,,,6,,,60,,60,,,,
2020-02-27,B6 empty,bottom of infLow,10,,,6,,,60,,60,,,,
2020-02-27,C High,plenum,10,,,688,"black swarmer, small gray",,6880,,6880,,,,
2020-02-27,D High,plenum,10,,,720,some bac like,,7200,,7200,,,,
2020-02-27,E High,inside drum,10,,,432,,,4320,,4320,,,,
2020-02-27,F High,inside drum,10,,,272,black swarmer,,2720,,2720,,,,
2020-02-27,P1 High,riser,10,,,224,,,2240,,2240,,,,
2020-02-27,P2 High,riser,10,,,496,black swarmer,,4960,,4960,,,,
2020-02-27,P6 High,riser,10,,,304,,,3040,,3040,,,,
2020-02-27,P7 High,riser,10,,,322,some bac like,,3220,,3220,,,,
2020-02-27,P9 High,riser,10,,,152,mostly bac like,,1520,,1520,,,,
2020-02-27,P10 High,riser,10,,,176,,,1760,,1760,,,,
2020-02-27,HT,bay ,10,,,232,,,2320,,2320,,,,
2020-02-27,bag filter,bag filter,10,,,320,,,3200,,3200,,,,
2020-02-27,Gooseneck,gooseneck tank,10,,,248,,,2480,,2480,,,,
2020-04-08,A High,upriser,10,,,56,some bac like,,560,,560,,,,
2020-04-08,B High,inside drum,10,,,52,some bac like,,520,,520,,,,
2020-04-08,C High,plenum,10,,,84,some bac like,,840,,840,,,,
2020-04-08,D High,plenum,10,,,64,black swarmer,,640,,640,,,,
2020-04-08,E High,inside drum,10,,,228,"some bac like, small colonies just starting",,2280,,2280,,,,
2020-04-08,F High,inside drum,10,,,176,,,1760,,1760,,,,
2020-04-08,P1 High,riser,10,,,5,all bac like,,50,,50,,,,
2020-04-08,P2 High,riser,10,,,352,small col starting,,3520,,3520,,,,
2020-04-08,P6 High,riser,10,,,208,small col starting,,2080,,2080,,,,
2020-04-08,P7 High,riser,10,,,144,mod bac like,,1440,,1440,,,,
2020-04-08,P9 High,riser,10,,,104,mod bac like,,1040,,1040,,,,
2020-04-08,P10 High,riser,10,,,320,small col starting,,3200,,3200,,,,
2020-04-08,HT,bay ,10,,,384,black swarmer,,3840,,3840,,,,
2020-04-08,PT-1,tank,10,,,224,black swarmer,,2240,,2240,,,,
2020-05-20,A High,upriser,10,,,48,,,480,,480,,,,
2020-05-20,B High,inside drum,10,,,OR,,,#VALUE!,,#VALUE!,,,,
2020-05-20,C High,plenum,10,,,128,"some bac, black swarmer",,1280,,1280,,,,
2020-05-20,D High,plenum,10,,,248,black swarmer,,2480,,2480,,,,
2020-05-20,E High,inside drum,10,,,296,some bac like,,2960,,2960,,,,
2020-05-20,F High,inside drum,10,,,264,,,2640,,2640,,,,
2020-05-20,P1 High,riser,10,,,104,,,1040,,1040,,,,
2020-05-20,P2 High,riser,10,,,136,,,1360,,1360,,,,
2020-05-20,P6 High,riser,10,,,156,,,1560,,1560,,,,
2020-05-20,P7 High,riser,10,,,104,,,1040,,1040,,,,
2020-05-20,P9 High,riser,10,,,128,,,1280,,1280,,,,
2020-05-20,P10 High,riser,10,,,56,,,560,,560,,,,
2020-05-20,HT,bay ,10,,,132,some bac like,,1320,,1320,,,,
2020-05-20,Gray tank,,10,,,92,very large dark colonies,,920,,920,,,,
2020-06-03,HTGN Pre-UV,,10,,,296,,,2960,,2960,,,,
2020-06-03,HTGN Post-UV,,10,,,3,,,30,,30,,,,
2020-06-03,HTGN high contact,,10,,,56,,,560,,560,,,,
2020-06-17,A High,upriser,10,,,32,,,320,,320,,,,
2020-06-17,B High,inside drum,10,,,128,some bac like,,1280,,1280,,,,
2020-06-17,C High,plenum,10,,,104,high bac like,,1040,,1040,,,,
2020-06-17,D High,plenum,10,,,136,some bac like,,1360,,1360,,,,
2020-06-17,E High,inside drum,10,,,256,,,2560,,2560,,,,
2020-06-17,F High,inside drum,10,,,302,,,3020,,3020,,,,
2020-06-17,P1 High,riser,10,,,112,high bac like,,1120,,1120,,,,
2020-06-17,P2 High,riser,10,,,64,high bac like,,640,,640,,,,
2020-06-17,P6 High,riser,10,,,160,,,1600,,1600,,,,
2020-06-17,P7 High,riser,10,,,152,black swarmer,,1520,,1520,,,,
2020-06-17,P9 High,riser,10,,,74,,,740,,740,,,,
2020-06-17,P10 High,riser,10,,,168,,,1680,,1680,,,,
2020-06-17,HT,bay ,10,,,184,some bac like,,1840,,1840,,,,
2020-06-17,HTGN Pre-UV,,10,,,248,,,2480,,2480,,,,
2020-06-17,HTGN Post-UV,,10,,,14,,,140,,140,,new pipette method,,
2020-07-16,A High,upriser,10,,,48,,,480,,480,,new pipette method,,
2020-07-16,B High,inside drum,10,,,18,,,180,,180,,new pipette method,,
2020-07-16,C High,plenum,10,,,12,,,120,,120,,new pipette method,,
2020-07-16,D High,plenum,10,,,76,,,760,,760,,new pipette method,,
2020-07-16,E High,inside drum,10,,,27,,,270,,270,,new pipette method,,
2020-07-16,F High,inside drum,10,,,88,,,880,,880,,new pipette method,,
2020-07-16,P1 High,riser,10,,,56,,,560,,560,,new pipette method,,
2020-07-16,P2 High,riser,10,,,3,,,30,,30,,new pipette method,,
2020-07-16,P6 High,riser,10,,,112,,,1120,,1120,,new pipette method,,
2020-07-16,P7 High,riser,10,,,208,,,2080,,2080,,new pipette method,,
2020-07-16,P9 High,riser,10,,,72,,,720,,720,,new pipette method,,
2020-07-16,P10 High,riser,10,,,,sampling error,,0,,0,,new pipette method,,
2020-07-16,HT,bay ,10,,,182,,,1820,,1820,,new pipette method,,
2020-08-12,A High,upriser,1,,,672,,,672,,672,,new pipette without dilution method,,
2020-08-12,B High,inside drum,1,,,272,,,272,,272,,new pipette without dilution method,,
2020-08-12,C High,plenum,1,,,108,,,108,,108,,new pipette without dilution method,,
2020-08-12,D High,plenum,1,,,52,,,52,,52,,new pipette without dilution method,,
2020-08-12,E High,inside drum,1,,,208,,,208,,208,,new pipette without dilution method,,
2020-08-12,F High,inside drum,1,,,368,,,368,,368,,new pipette without dilution method,,
2020-08-12,P1 High,riser,1,,,152,mostly bacillus,,152,,152,,new pipette without dilution method,,
2020-08-12,P2 High,riser,1,,,464,,,464,,464,,new pipette without dilution method,,
2020-08-12,P6 High,riser,1,,,88,,,88,,88,,new pipette without dilution method,,
2020-08-12,P7 High,riser,1,,,592,,,592,,592,,new pipette without dilution method,,
2020-08-12,P9 High,riser,1,,,208,mostly bacillus,,208,,208,,new pipette without dilution method,,
2020-08-12,P10 High,riser,1,,,112,mostly bacillus,,112,,112,,new pipette without dilution method,,
2020-08-12,HT,bay ,1,,,224,,,224,,224,,new pipette without dilution method,,
2020-08-12,HTGN Post-UV,,1,,,28,poss all bacillus,,28,,28,,new pipette without dilution method,,
2020-09-24,A High,upriser,1,,,256,,,256,,256,,no dilution,,
2020-09-24,B High,inside drum,1,,,364,foul odor,,364,,364,,no dilution,,
2020-09-24,C High,plenum,1,,,132,,,132,,132,,no dilution,,
2020-09-24,D High,plenum,1,,,128,"mostly bl swarmer, foul odor",,128,,128,,no dilution,,
2020-09-24,E High,inside drum,1,,,1008,small ind col mixed w bl swarmer,,1008,,1008,,no dilution,,
2020-09-24,F High,inside drum,1,,,216,,,216,,216,,no dilution,,
2020-09-24,P1 High,riser,1,,,108,,,108,,108,,no dilution,,
2020-09-24,P2 High,riser,1,,,6,,,6,,6,,no dilution,,
2020-09-24,P6 High,riser,1,,,298,,,298,,298,,no dilution,,
2020-09-24,P7 High,riser,1,,,348,mostly bl swarmer,,348,,348,,no dilution,,
2020-09-24,P9 High,riser,1,,,212,,,212,,212,,no dilution,,
2020-09-24,P10 High,riser,1,,,160,,,160,,160,,no dilution,,
2020-09-24,HT,bay ,1,,,210,"contains bl swarmer, foul odor",,210,,210,,no dilution,,
2020-09-24,HTGN Post-UV,,1,,,12,  ,,12,,12,,no dilution,,
2020-10-01,A High,upriser,1,,,216,many very small colonies,,216,,216,,no dilution,,
2020-10-01,B High,inside drum,1,,,440,lot of proBiotic growth,,440,,440,,no dilution,,
2020-10-01,C High,plenum,1,,,136,some blk swarmer,,136,,136,,no dilution,,
2020-10-01,D High,plenum,1,,,99,,,99,,99,,no dilution,,
2020-10-01,E High,inside drum,1,,,432,,,432,,432,,no dilution,,
2020-10-01,F High,inside drum,1,,,176,,,176,,176,,no dilution,,
2020-10-01,P1 High,riser,1,,,792,90% very small colonies,,792,,792,,no dilution,,
2020-10-01,P2 High,riser,1,,,61,many very small colonies,,61,,61,,no dilution,,
2020-10-01,P6 High,riser,1,,,168,,,168,,168,,no dilution,,
2020-10-01,P7 High,riser,1,,,304,some blk swarmer,,304,,304,,no dilution,,
2020-10-01,P9 High,riser,1,,,172,,,172,,172,,no dilution,,
2020-10-01,P10 High,riser,1,,,140,many very small colonies,,140,,140,,no dilution,,
2020-10-01,HT,bay ,1,,,704,,,704,,704,,no dilution,,
2020-10-01,HTGN Post-UV,,1,,,19,,,19,,19,,no dilution,,
2020-10-08,A High,upriser,1,,,672,,,672,,672,,no dilution,,
2020-10-08,B High,inside drum,1,,,616,,,616,,616,,no dilution,,
2020-10-08,C High,plenum,1,,,784,some blk swarmer,,784,,784,,no dilution,,
2020-10-08,D High,plenum,1,,,848,,,848,,848,,no dilution,,
2020-10-08,E High,inside drum,1,,,652,60% proBiotic colonies,,652,,652,,no dilution,,
2020-10-08,F High,inside drum,1,,,416,,,416,,416,,no dilution,,
2020-10-08,P1 High,riser,1,,,1532,95% very very small colonies,,1532,,1532,,no dilution,,
2020-10-08,P2 High,riser,1,,,336,,,336,,336,,no dilution,,
2020-10-08,P6 High,riser,1,,,732,,,732,,732,,no dilution,,
2020-10-08,P7 High,riser,1,,,372,,,372,,372,,no dilution,,
2020-10-08,P9 High,riser,1,,,109,,,109,,109,,no dilution,,
2020-10-08,P10 High,riser,1,,,1610,95% very very small colonies,,1610,,1610,,no dilution,,
2020-10-08,HT,bay ,1,,,268,,,268,,268,,no dilution,,
2020-10-15,A High,upriser,1,,,336,some odor,,336,,336,,no dilution,,
2020-10-15,B High,inside drum,1,,,532,75% small yelLowcolonies,,532,,532,,no dilution,,
2020-10-15,C High,plenum,1,,,320,some blk swarmer,,320,,320,,no dilution,,
2020-10-15,D High,plenum,1,,,180,"some blk swarmer, some small yelLowcolonies",,180,,180,,no dilution,,
2020-10-15,E High,inside drum,1,,,868,70% very small colonies,,868,,868,,no dilution,,
2020-10-15,F High,inside drum,1,,,448,some blk swarmer,,448,,448,,no dilution,,
2020-10-15,P1 High,riser,1,,,112,some very small colonies,,112,,112,,no dilution,,
2020-10-15,P2 High,riser,1,,,204,,,204,,204,,no dilution,,
2020-10-15,P6 High,riser,1,,,244,,,244,,244,,no dilution,,
2020-10-15,P7 High,riser,1,,,480,some blk swarmer,,480,,480,,no dilution,,
2020-10-15,P9 High,riser,1,,,156,,,156,,156,,no dilution,,
2020-10-15,P10 High,riser,1,,,544,many very small colonies,,544,,544,,no dilution,,
2020-10-15,HT,bay ,1,,,652,,,652,,652,,no dilution,,
2020-10-29,A High,upriser,1,,,848,,,848,,848,,no dilution,,
2020-10-29,B High,inside drum,1,,,392,5% proBiotic colonies,,392,,392,,no dilution,,
2020-10-29,C High,plenum,1,,,148,mostly over taken by black swarmer,,148,,148,,no dilution,,
2020-10-29,D High,plenum,1,,,352,,,352,,352,,no dilution,,
2020-10-29,E High,inside drum,1,,,120,5% proBiotic colonies,,120,,120,,no dilution,,
2020-10-29,F High,inside drum,1,,,128,,,128,,128,,no dilution,,
2020-10-29,P1 High,riser,1,,,132,,,132,,132,,no dilution,,
2020-10-29,P2 High,riser,1,,,296,,,296,,296,,no dilution,,
2020-10-29,P6 High,riser,1,,,36,,,36,,36,,no dilution,,
2020-10-29,P7 High,riser,1,,,360,,,360,,360,,no dilution,,
2020-10-29,P9 High,riser,1,,,312,,,312,,312,,no dilution,,
2020-10-29,P10 High,riser,1,,,152,95% proBiotic,,152,,152,,no dilution,,
2020-10-29,HT,bay ,1,,,2800,too high for acc count,,2800,,2800,,no dilution,,
2020-11-05,A High,upriser,1,,,2160,"some blk swarmer, to high for acc count",,2160,,2160,,no dilution,,
2020-11-05,B High,inside drum,1,,,86,,,86,,86,,no dilution,,
2020-11-05,C High,plenum,1,,,384,,,384,,384,,no dilution,,
2020-11-05,D High,plenum,1,,,176,,,176,,176,,no dilution,,
2020-11-05,E High,inside drum,1,,,232,,,232,,232,,no dilution,,
2020-11-05,F High,inside drum,1,,,1840,>99% very small colonies,,1840,,1840,,no dilution,,
2020-11-05,P1 High,riser,1,,,1670,>95% very small colonies,,1670,,1670,,no dilution,,
2020-11-05,P2 High,riser,1,,,296,,,296,,296,,no dilution,,
2020-11-05,P6 High,riser,1,,,326,,,326,,326,,no dilution,,
2020-11-05,P7 High,riser,1,,,280,,,280,,280,,no dilution,,
2020-11-05,P9 High,riser,1,,,800,75% very small colonies,,800,,800,,no dilution,,
2020-11-05,P10 High,riser,1,,,576,some blk swarmer,,576,,576,,no dilution,,
2020-11-05,HT,bay ,1,,,632,"strong odor, blk swarmer, too high to count, entire plate is covered",,632,,632,,no dilution,,
2020-11-05,HTGN Post-UV,,1,,,17,,,17,,17,,no dilution,,
2020-11-05,Golden Tank,,1,,,348,,,348,,348,,no dilution,,